Tree,Row,Node,MaxLevel,Level,Gold,Food,Iron,Valor,Oil,Prerequisite,HaveIt,Priority,Notes
Alliance Duel,1,Incentive - Radar,10,1,0,0,0,50,0,None,1,S,Free points on radar days
Alliance Duel,1,Incentive - Radar,10,2,0,0,0,50,0,None,1,S,
Alliance Duel,1,Incentive - Radar,10,3,0,0,0,50,0,None,1,S,
Alliance Duel,1,Incentive - Radar,10,4,0,0,0,50,0,None,1,S,
Alliance Duel,1,Incentive - Radar,10,5,0,0,0,50,0,None,1,S,
Alliance Duel,1,Incentive - Radar,10,6,0,0,0,100,0,None,1,S,Lvl 6 unlocks Advanced Rewards
Alliance Duel,1,Incentive - Radar,10,7,0,0,0,100,0,None,1,B,
Alliance Duel,1,Incentive - Radar,10,8,0,0,0,200,0,None,1,B,
Alliance Duel,1,Incentive - Radar,10,9,0,0,0,200,0,None,1,B,
Alliance Duel,1,Incentive - Radar,10,10,0,0,0,350,0,None,1,C,Total: 1200 Valor
Alliance Duel,1,Incentive - Speed-up,10,1,0,0,0,50,0,None,1,B,
Alliance Duel,1,Incentive - Speed-up,10,2,0,0,0,50,0,None,1,B,
Alliance Duel,1,Incentive - Speed-up,10,3,0,0,0,50,0,None,1,B,
Alliance Duel,1,Incentive - Speed-up,10,4,0,0,0,50,0,None,1,B,
Alliance Duel,1,Incentive - Speed-up,10,5,0,0,0,50,0,None,1,B,
Alliance Duel,1,Incentive - Speed-up,10,6,0,0,0,100,0,None,1,C,
Alliance Duel,1,Incentive - Speed-up,10,7,0,0,0,100,0,None,0,C,
Alliance Duel,1,Incentive - Speed-up,10,8,0,0,0,200,0,None,0,C,
Alliance Duel,1,Incentive - Speed-up,10,9,0,0,0,200,0,None,0,C,
Alliance Duel,1,Incentive - Speed-up,10,10,0,0,0,350,0,None,0,C,Total: 1200 Valor
Alliance Duel,1,Incentive - Recruitment,10,1,0,0,0,50,0,None,1,B,
Alliance Duel,1,Incentive - Recruitment,10,2,0,0,0,50,0,None,1,B,
Alliance Duel,1,Incentive - Recruitment,10,3,0,0,0,50,0,None,1,B,
Alliance Duel,1,Incentive - Recruitment,10,4,0,0,0,50,0,None,1,B,
Alliance Duel,1,Incentive - Recruitment,10,5,0,0,0,50,0,None,1,B,
Alliance Duel,1,Incentive - Recruitment,10,6,0,0,0,100,0,None,1,C,
Alliance Duel,1,Incentive - Recruitment,10,7,0,0,0,100,0,None,0,C,
Alliance Duel,1,Incentive - Recruitment,10,8,0,0,0,200,0,None,0,C,
Alliance Duel,1,Incentive - Recruitment,10,9,0,0,0,200,0,None,0,C,
Alliance Duel,1,Incentive - Recruitment,10,10,0,0,0,350,0,None,0,C,Total: 1200 Valor
Alliance Duel,2,Advanced Rewards,1,1,0,0,0,100,0,Incentive - Radar Lv6,1,S,Unlocks Tier 2 reward boxes
Alliance Duel,3,Duel Expert,20,1,0,0,0,100,0,Advanced Rewards Lv1,1,S,DOUBLES all VS points! #1 priority
Alliance Duel,3,Duel Expert,20,2,0,0,0,100,0,None,1,S,
Alliance Duel,3,Duel Expert,20,3,0,0,0,100,0,None,1,S,
Alliance Duel,3,Duel Expert,20,4,0,0,0,100,0,None,1,S,
Alliance Duel,3,Duel Expert,20,5,0,0,0,100,0,None,1,S,
Alliance Duel,3,Duel Expert,20,6,0,0,0,100,0,None,1,S,
Alliance Duel,3,Duel Expert,20,7,0,0,0,100,0,None,1,S,
Alliance Duel,3,Duel Expert,20,8,0,0,0,100,0,None,1,S,
Alliance Duel,3,Duel Expert,20,9,0,0,0,200,0,None,1,S,
Alliance Duel,3,Duel Expert,20,10,0,0,0,200,0,None,1,S,
Alliance Duel,3,Duel Expert,20,11,0,0,0,200,0,None,1,S,
Alliance Duel,3,Duel Expert,20,12,0,0,0,200,0,None,1,S,
Alliance Duel,3,Duel Expert,20,13,0,0,0,200,0,None,1,S,
Alliance Duel,3,Duel Expert,20,14,0,0,0,200,0,None,1,S,
Alliance Duel,3,Duel Expert,20,15,0,0,0,200,0,None,1,S,
Alliance Duel,3,Duel Expert,20,16,0,0,0,200,0,None,1,S,
Alliance Duel,3,Duel Expert,20,17,0,0,0,350,0,None,1,S,
Alliance Duel,3,Duel Expert,20,18,0,0,0,350,0,None,1,S,
Alliance Duel,3,Duel Expert,20,19,0,0,0,350,0,None,1,S,
Alliance Duel,3,Duel Expert,20,20,0,0,0,350,0,None,1,S,Total: 3800 Valor. Required for Super Bonus
Alliance Duel,4,Incentive - Building,10,1,0,0,0,100,0,Duel Expert Lv1,1,A,Boosts Tue VS points
Alliance Duel,4,Incentive - Building,10,2,0,0,0,100,0,None,1,A,
Alliance Duel,4,Incentive - Building,10,3,0,0,0,200,0,None,1,A,
Alliance Duel,4,Incentive - Building,10,4,0,0,0,200,0,None,1,A,
Alliance Duel,4,Incentive - Building,10,5,0,0,0,350,0,None,1,A,
Alliance Duel,4,Incentive - Building,10,6,0,0,0,450,0,None,1,A,Lvl 6 needed for Super Bonus path
Alliance Duel,4,Incentive - Building,10,7,0,0,0,750,0,None,0,B,
Alliance Duel,4,Incentive - Building,10,8,0,0,0,1050,0,None,0,C,
Alliance Duel,4,Incentive - Building,10,9,0,0,0,1400,0,None,0,C,
Alliance Duel,4,Incentive - Building,10,10,0,0,0,1750,0,None,0,D,Total: 6350 Valor
Alliance Duel,4,Incentive - Research,10,1,0,0,0,100,0,Duel Expert Lv1,1,A,Boosts Wed VS points
Alliance Duel,4,Incentive - Research,10,2,0,0,0,100,0,None,1,A,
Alliance Duel,4,Incentive - Research,10,3,0,0,0,200,0,None,1,A,
Alliance Duel,4,Incentive - Research,10,4,0,0,0,200,0,None,1,A,
Alliance Duel,4,Incentive - Research,10,5,0,0,0,350,0,None,1,A,
Alliance Duel,4,Incentive - Research,10,6,0,0,0,450,0,None,1,A,Lvl 6 needed for Super Bonus path
Alliance Duel,4,Incentive - Research,10,7,0,0,0,750,0,None,0,B,
Alliance Duel,4,Incentive - Research,10,8,0,0,0,1050,0,None,0,C,
Alliance Duel,4,Incentive - Research,10,9,0,0,0,1400,0,None,0,C,
Alliance Duel,4,Incentive - Research,10,10,0,0,0,1750,0,None,0,D,Total: 6350 Valor
Alliance Duel,5,Incentive - Training,10,1,0,0,0,100,0,Incentive - Building Lv1,1,A,Boosts Fri VS points (3 VP day!)
Alliance Duel,5,Incentive - Training,10,2,0,0,0,100,0,None,1,A,
Alliance Duel,5,Incentive - Training,10,3,0,0,0,200,0,None,1,A,
Alliance Duel,5,Incentive - Training,10,4,0,0,0,200,0,None,1,A,
Alliance Duel,5,Incentive - Training,10,5,0,0,0,350,0,None,1,A,
Alliance Duel,5,Incentive - Training,10,6,0,0,0,450,0,None,1,A,Lvl 6 needed for Super Bonus
Alliance Duel,5,Incentive - Training,10,7,0,0,0,750,0,None,1,B,
Alliance Duel,5,Incentive - Training,10,8,0,0,0,1050,0,None,0,C,
Alliance Duel,5,Incentive - Training,10,9,0,0,0,1400,0,None,0,C,
Alliance Duel,5,Incentive - Training,10,10,0,0,0,1750,0,None,0,D,Total: 6350 Valor
Alliance Duel,5,Incentive - Enemy Kills,10,1,0,0,0,100,0,Incentive - Research Lv1,1,A,Boosts Sat VS points (4 VP day!)
Alliance Duel,5,Incentive - Enemy Kills,10,2,0,0,0,100,0,None,1,A,
Alliance Duel,5,Incentive - Enemy Kills,10,3,0,0,0,200,0,None,1,A,
Alliance Duel,5,Incentive - Enemy Kills,10,4,0,0,0,200,0,None,1,A,
Alliance Duel,5,Incentive - Enemy Kills,10,5,0,0,0,350,0,None,1,A,
Alliance Duel,5,Incentive - Enemy Kills,10,6,0,0,0,450,0,None,1,A,Lvl 6 needed for Super Bonus
Alliance Duel,5,Incentive - Enemy Kills,10,7,0,0,0,750,0,None,1,B,
Alliance Duel,5,Incentive - Enemy Kills,10,8,0,0,0,1050,0,None,0,C,
Alliance Duel,5,Incentive - Enemy Kills,10,9,0,0,0,1400,0,None,0,C,
Alliance Duel,5,Incentive - Enemy Kills,10,10,0,0,0,1750,0,None,0,D,Total: 6350 Valor
Alliance Duel,6,Super Bonus,1,1,0,0,0,450,0,Duel Expert Lv20; Incentive - Training Lv6; Incentive - Enemy Kills Lv6,1,S,Unlocks Tier 3 reward boxes
Alliance Duel,7,Incentive - Intercity Trade,10,1,0,0,0,100,0,Super Bonus Lv2,0,B,
Alliance Duel,7,Incentive - Intercity Trade,10,2,0,0,0,100,0,None,0,B,
Alliance Duel,7,Incentive - Intercity Trade,10,3,0,0,0,200,0,None,0,B,
Alliance Duel,7,Incentive - Intercity Trade,10,4,0,0,0,200,0,None,0,C,
Alliance Duel,7,Incentive - Intercity Trade,10,5,0,0,0,350,0,None,0,C,
Alliance Duel,7,Incentive - Intercity Trade,10,6,0,0,0,450,0,None,0,C,
Alliance Duel,7,Incentive - Intercity Trade,10,7,0,0,0,600,0,None,0,C,
Alliance Duel,7,Incentive - Intercity Trade,10,8,0,0,0,720,0,None,0,D,
Alliance Duel,7,Incentive - Intercity Trade,10,9,0,0,0,840,0,None,0,D,
Alliance Duel,7,Incentive - Intercity Trade,10,10,0,0,0,960,0,None,0,D,Total: 4520 Valor
Alliance Duel,7,Incentive - Secret Mobile Squad,10,1,0,0,0,100,0,Super Bonus Lv2,0,B,
Alliance Duel,7,Incentive - Secret Mobile Squad,10,2,0,0,0,100,0,None,0,B,
Alliance Duel,7,Incentive - Secret Mobile Squad,10,3,0,0,0,200,0,None,0,B,
Alliance Duel,7,Incentive - Secret Mobile Squad,10,4,0,0,0,200,0,None,0,C,
Alliance Duel,7,Incentive - Secret Mobile Squad,10,5,0,0,0,350,0,None,0,C,
Alliance Duel,7,Incentive - Secret Mobile Squad,10,6,0,0,0,450,0,None,0,C,
Alliance Duel,7,Incentive - Secret Mobile Squad,10,7,0,0,0,600,0,None,0,C,
Alliance Duel,7,Incentive - Secret Mobile Squad,10,8,0,0,0,720,0,None,0,D,
Alliance Duel,7,Incentive - Secret Mobile Squad,10,9,0,0,0,840,0,None,0,D,
Alliance Duel,7,Incentive - Secret Mobile Squad,10,10,0,0,0,960,0,None,0,D,Total: 4520 Valor
Alliance Duel,7,Incentive - Survivor Recruit,10,1,0,0,0,100,0,Super Bonus Lv2,0,B,
Alliance Duel,7,Incentive - Survivor Recruit,10,2,0,0,0,100,0,None,0,B,
Alliance Duel,7,Incentive - Survivor Recruit,10,3,0,0,0,200,0,None,0,B,
Alliance Duel,7,Incentive - Survivor Recruit,10,4,0,0,0,200,0,None,0,C,
Alliance Duel,7,Incentive - Survivor Recruit,10,5,0,0,0,350,0,None,0,C,
Alliance Duel,7,Incentive - Survivor Recruit,10,6,0,0,0,450,0,None,0,C,
Alliance Duel,7,Incentive - Survivor Recruit,10,7,0,0,0,600,0,None,0,C,
Alliance Duel,7,Incentive - Survivor Recruit,10,8,0,0,0,720,0,None,0,D,
Alliance Duel,7,Incentive - Survivor Recruit,10,9,0,0,0,840,0,None,0,D,
Alliance Duel,7,Incentive - Survivor Recruit,10,10,0,0,0,960,0,None,0,D,Total: 4520 Valor
Alliance Duel,8,Duel Master II,10,1,0,0,0,480,0,Incentive - Intercity Trade Lv1,0,C,
Alliance Duel,8,Duel Master II,10,2,0,0,0,480,0,Incentive - Intercity Trade Lv2,0,C,
Alliance Duel,8,Duel Master II,10,3,0,0,0,600,0,Incentive - Intercity Trade Lv3,0,C,
Alliance Duel,8,Duel Master II,10,4,0,0,0,600,0,Incentive - Intercity Trade Lv4,0,D,
Alliance Duel,8,Duel Master II,10,5,0,0,0,720,0,Incentive - Intercity Trade Lv5,0,D,
Alliance Duel,8,Duel Master II,10,6,0,0,0,720,0,Incentive - Intercity Trade Lv6,0,D,
Alliance Duel,8,Duel Master II,10,7,0,0,0,840,0,Incentive - Intercity Trade Lv7,0,D,
Alliance Duel,8,Duel Master II,10,8,0,0,0,840,0,Incentive - Intercity Trade Lv8,0,D,
Alliance Duel,8,Duel Master II,10,9,0,0,0,960,0,Incentive - Intercity Trade Lv9,0,D,
Alliance Duel,8,Duel Master II,10,10,0,0,0,960,0,Incentive - Intercity Trade Lv10,0,D,Total: 7200 Valor
Alliance Duel,9,Infinite Roulette,1,1,7777,7777,7777,77,0,Duel Master II Lv10; Becomes available later in the game Lv0,0,D,Novelty node - very low priority
Development,1,Fast Builder I,5,1,1500,500,500,0,0,None,1,A,Construction speed boost
Development,1,Fast Builder I,5,2,2300,800,800,0,0,None,1,A,
Development,1,Fast Builder I,5,3,3400,1100,1100,0,0,None,1,A,
Development,1,Fast Builder I,5,4,5100,1700,1700,0,0,None,1,A,
Development,1,Fast Builder I,5,5,7600,2500,2500,0,0,None,1,A,Total: 19900g
Development,2,Infirmary Expansion I,5,1,3400,1100,1100,0,0,Fast Builder I Lv1,1,A,More hospital capacity
Development,2,Infirmary Expansion I,5,2,5100,1700,1700,0,0,None,1,A,
Development,2,Infirmary Expansion I,5,3,7600,2500,2500,0,0,None,1,A,Lvl 3 unlocks Research Enhancement I
Development,2,Infirmary Expansion I,5,4,15200,5100,5100,0,0,None,1,A,
Development,2,Infirmary Expansion I,5,5,45600,15200,15200,0,0,None,1,A,Total: 76900g
Development,2,Barrack Expansion I,5,1,3400,1100,1100,0,0,Fast Builder I Lv1,1,A,More troop training capacity
Development,2,Barrack Expansion I,5,2,5100,1700,1700,0,0,None,1,A,
Development,2,Barrack Expansion I,5,3,7600,2500,2500,0,0,None,1,A,
Development,2,Barrack Expansion I,5,4,15200,5100,5100,0,0,None,1,A,
Development,2,Barrack Expansion I,5,5,45600,15200,15200,0,0,None,1,A,Total: 76900g
Development,3,Research Enhancement I,5,1,7600,2500,2500,0,0,Infirmary Expansion I Lv3,1,S,Research speed boost - KEY NODE
Development,3,Research Enhancement I,5,2,15200,5100,5100,0,0,None,1,S,
Development,3,Research Enhancement I,5,3,45600,15200,15200,0,0,None,1,S,
Development,3,Research Enhancement I,5,4,91100,30400,30400,0,0,None,1,S,
Development,3,Research Enhancement I,5,5,145800,48600,48600,0,0,None,1,S,Total: 305300g
Development,4,Rapid Field Dressing I,5,1,7600,2500,2500,0,0,Research Enhancement I Lv1,1,B,Healing speed
Development,4,Rapid Field Dressing I,5,2,15200,5100,5100,0,0,None,1,B,Lvl 2 unlocks Master Craftsman
Development,4,Rapid Field Dressing I,5,3,45600,15200,15200,0,0,None,1,B,
Development,4,Rapid Field Dressing I,5,4,91100,30400,30400,0,0,None,1,B,
Development,4,Rapid Field Dressing I,5,5,145800,48600,48600,0,0,None,1,B,Total: 305300g
Development,4,Focused Training I,5,1,7600,2500,2500,0,0,Research Enhancement I Lv1,1,A,Training speed boost
Development,4,Focused Training I,5,2,15200,5100,5100,0,0,None,1,A,
Development,4,Focused Training I,5,3,45600,15200,15200,0,0,None,1,A,
Development,4,Focused Training I,5,4,91100,30400,30400,0,0,None,1,A,
Development,4,Focused Training I,5,5,145800,48600,48600,0,0,None,1,A,Total: 305300g
Development,5,Master Craftsman,5,1,15200,5100,5100,0,0,Rapid Field Dressing I Lv2,1,B,Gear crafting speed
Development,5,Master Craftsman,5,2,91100,30400,30400,0,0,None,1,B,Lvl 2 unlocks Fast Builder II
Development,5,Master Craftsman,5,3,233300,77800,77800,0,0,None,1,B,
Development,5,Master Craftsman,5,4,699800,233300,233300,0,0,None,1,C,
Development,5,Master Craftsman,5,5,1308600,436200,436200,0,0,None,1,C,Total: 2348000g
Development,6,Fast Builder II,5,1,91100,30400,30400,0,0,Master Craftsman Lv2,1,A,Tier II construction speed
Development,6,Fast Builder II,5,2,145800,48600,48600,0,0,None,1,A,
Development,6,Fast Builder II,5,3,233300,77800,77800,0,0,None,1,A,Lvl 3 unlocks Infirmary/Barrack II
Development,6,Fast Builder II,5,4,279900,93300,93300,0,0,None,1,A,
Development,6,Fast Builder II,5,5,699800,233300,233300,0,0,None,1,A,Total: 1449900g
Development,7,Infirmary Expansion II,5,1,233300,77800,77800,0,0,Fast Builder II Lv3,1,B,
Development,7,Infirmary Expansion II,5,2,279900,93300,93300,0,0,None,1,B,Lvl 2 unlocks Research Enhancement II
Development,7,Infirmary Expansion II,5,3,699800,233300,233300,0,0,None,0,B,
Development,7,Infirmary Expansion II,5,4,1189800,396600,396600,0,0,None,0,B,
Development,7,Infirmary Expansion II,5,5,1308600,436200,436200,0,0,None,0,B,Total: 3711400g
Development,7,Barrack Expansion II,5,1,233300,77800,77800,0,0,Fast Builder II Lv3,1,A,
Development,7,Barrack Expansion II,5,2,279900,93300,93300,0,0,None,1,A,
Development,7,Barrack Expansion II,5,3,699800,233300,233300,0,0,None,0,A,
Development,7,Barrack Expansion II,5,4,1189800,396600,396600,0,0,None,0,A,
Development,7,Barrack Expansion II,5,5,1308600,436200,436200,0,0,None,0,A,Total: 3711400g
Development,8,Research Enhancement II,5,1,279900,93300,93300,0,0,Infirmary Expansion II Lv2,1,S,Tier II research speed - KEY
Development,8,Research Enhancement II,5,2,699800,233300,233300,0,0,None,1,S,Lvl 2 unlocks RFD II / FT II
Development,8,Research Enhancement II,5,3,1189800,396600,396600,0,0,None,1,S,
Development,8,Research Enhancement II,5,4,1308600,436200,436200,0,0,None,1,S,
Development,8,Research Enhancement II,5,5,1832100,610700,610700,0,0,None,1,S,Total: 5310200g
Development,9,Rapid Field Dressing II,5,1,699800,233300,233300,0,0,Research Enhancement II Lv2,1,B,
Development,9,Rapid Field Dressing II,5,2,1189800,396600,396600,0,0,None,1,B,Lvl 2 unlocks Extra Barracks
Development,9,Rapid Field Dressing II,5,3,1308600,436200,436200,0,0,None,0,B,
Development,9,Rapid Field Dressing II,5,4,1832100,610700,610700,0,0,None,0,B,
Development,9,Rapid Field Dressing II,5,5,2539350,846450,846450,0,0,None,0,B,Total: 7569650g
Development,9,Focused Training II,5,1,699800,233300,233300,0,0,Research Enhancement II Lv2,1,A,
Development,9,Focused Training II,5,2,1189800,396600,396600,0,0,None,1,A,
Development,9,Focused Training II,5,3,1308600,436200,436200,0,0,None,0,A,
Development,9,Focused Training II,5,4,2539350,846450,846450,0,0,None,0,A,
Development,9,Focused Training II,5,5,0,0,0,0,0,None,0,A,Total: 7569650g
Development,10,Extra Barracks,1,1,1189800,396600,396600,0,0,Rapid Field Dressing II Lv2,1,A,Unlocks additional barracks
Development,11,Fast Builder III,5,1,1189800,396600,396600,0,0,Extra Barracks Lv1,1,B,Tier III - costs jump
Development,11,Fast Builder III,5,2,0,0,0,0,0,None,1,B,DATA MISSING Lv2-5
Development,11,Fast Builder III,5,3,0,0,0,0,0,None,1,,COST DATA MISSING
Development,11,Fast Builder III,5,4,0,0,0,0,0,None,1,,COST DATA MISSING
Development,11,Fast Builder III,5,5,0,0,0,0,0,None,1,,COST DATA MISSING
Development,12,Infirmary Expansion III,5,1,1189800,396600,396600,0,0,Fast Builder III Lv1,1,C,
Development,12,Infirmary Expansion III,5,2,0,0,0,0,0,None,0,,COST DATA MISSING
Development,12,Infirmary Expansion III,5,3,0,0,0,0,0,None,0,,COST DATA MISSING
Development,12,Infirmary Expansion III,5,4,0,0,0,0,0,None,0,,COST DATA MISSING
Development,12,Infirmary Expansion III,5,5,0,0,0,0,0,None,0,,COST DATA MISSING
Development,12,Barrack Expansion III,5,1,1189800,396600,396600,0,0,Fast Builder III Lv1,1,B,
Development,12,Barrack Expansion III,5,2,0,0,0,0,0,None,0,,
Development,12,Barrack Expansion III,5,3,0,0,0,0,0,None,0,,
Development,12,Barrack Expansion III,5,4,0,0,0,0,0,None,0,,
Development,12,Barrack Expansion III,5,5,0,0,0,0,0,None,0,,
Development,13,Research Enhancement III,5,1,1308600,436200,436200,0,0,Infirmary Expansion III Lv1,1,A,Tier III research speed
Development,13,Research Enhancement III,5,2,0,0,0,0,0,None,1,,COST DATA MISSING
Development,13,Research Enhancement III,5,3,0,0,0,0,0,None,1,,COST DATA MISSING
Development,13,Research Enhancement III,5,4,0,0,0,0,0,None,1,,COST DATA MISSING
Development,13,Research Enhancement III,5,5,0,0,0,0,0,None,1,,COST DATA MISSING
Development,14,Rapid Field Dressing III,5,1,1308600,436200,436200,0,0,Research Enhancement III Lv1,1,C,
Development,14,Rapid Field Dressing III,5,2,2539350,846450,846450,0,0,None,0,C,
Development,14,Rapid Field Dressing III,5,3,5890000,1890000,1890000,0,0,None,0,C,
Development,14,Rapid Field Dressing III,5,4,12440000,4110000,4110000,0,0,None,0,C,
Development,14,Rapid Field Dressing III,5,5,31320000,10440000,10440000,0,0,None,0,C,Total: 53498000g
Development,14,Focused Training III,5,1,1308600,436200,436200,0,0,Research Enhancement III Lv1,1,B,
Development,14,Focused Training III,5,2,2539350,846450,846450,0,0,None,0,B,
Development,14,Focused Training III,5,3,5890000,1890000,1890000,0,0,None,0,B,
Development,14,Focused Training III,5,4,12440000,4110000,4110000,0,0,None,0,B,
Development,14,Focused Training III,5,5,31320000,10440000,10440000,0,0,None,0,B,Total: 53498000g
Development,15,Efficient Healing,5,1,1308600,436200,436200,0,0,Rapid Field Dressing III Lv1,1,C,
Development,15,Efficient Healing,5,2,4560000,1440000,1440000,0,0,None,0,C,
Development,15,Efficient Healing,5,3,12440000,4110000,4110000,0,0,None,0,C,
Development,15,Efficient Healing,5,4,31320000,10440000,10440000,0,0,None,0,C,
Development,15,Efficient Healing,5,5,51000000,17000000,17000000,0,0,None,0,C,Total: 100629000g
Development,16,Fast Builder IV,5,1,1832100,610700,610700,0,0,Efficient Healing Lv1,1,C,Tier IV
Development,16,Fast Builder IV,5,2,4560000,1440000,1440000,0,0,None,1,C,
Development,16,Fast Builder IV,5,3,10330000,3440000,3440000,0,0,None,1,C,
Development,16,Fast Builder IV,5,4,0,0,0,0,0,None,1,,
Development,16,Fast Builder IV,5,5,40780000,13560000,13560000,0,0,None,0,D,Lv4 data missing
Development,17,Infirmary Expansion IV,5,1,1832100,610700,610700,0,0,Fast Builder IV Lv1,1,C,
Development,17,Infirmary Expansion IV,5,2,4560000,1440000,1440000,0,0,None,0,,
Development,17,Infirmary Expansion IV,5,3,10330000,3440000,3440000,0,0,None,0,,
Development,17,Infirmary Expansion IV,5,4,0,0,0,0,0,None,0,,
Development,17,Infirmary Expansion IV,5,5,40780000,13560000,13560000,0,0,None,0,D,Lv2-4 data missing
Development,17,Barrack Expansion IV,5,1,1832100,610700,610700,0,0,Fast Builder IV Lv1,1,C,
Development,17,Barrack Expansion IV,5,2,4560000,1440000,1440000,0,0,None,0,,
Development,17,Barrack Expansion IV,5,3,10330000,3440000,3440000,0,0,None,0,,
Development,17,Barrack Expansion IV,5,4,0,0,0,0,0,None,0,,
Development,17,Barrack Expansion IV,5,5,40780000,13560000,13560000,0,0,None,0,D,
Development,18,Research Enhancement IV,5,1,2565000,855000,855000,0,0,Infirmary Expansion IV Lv1,1,A,Tier IV research speed
Development,18,Research Enhancement IV,5,2,5890000,1890000,1890000,0,0,None,1,A,
Development,18,Research Enhancement IV,5,3,12440000,4110000,4110000,0,0,None,1,A,
Development,18,Research Enhancement IV,5,4,31320000,10440000,10440000,0,0,None,1,A,
Development,18,Research Enhancement IV,5,5,51000000,17000000,17000000,0,0,None,0,A,Total: 103215000g
Development,19,Rapid Field Dressing IV,5,1,2565000,855000,855000,0,0,Research Enhancement IV Lv1,1,C,
Development,19,Rapid Field Dressing IV,5,2,5890000,1890000,1890000,0,0,None,0,,
Development,19,Rapid Field Dressing IV,5,3,12440000,4110000,4110000,0,0,None,0,,
Development,19,Rapid Field Dressing IV,5,4,31320000,10440000,10440000,0,0,None,0,,
Development,19,Rapid Field Dressing IV,5,5,51000000,17000000,17000000,0,0,None,0,D,Lv2-4 same as RE IV
Development,19,Focused Training IV,5,1,2565000,855000,855000,0,0,Research Enhancement IV Lv1,1,B,
Development,19,Focused Training IV,5,2,5890000,1890000,1890000,0,0,None,0,,
Development,19,Focused Training IV,5,3,12440000,4110000,4110000,0,0,None,0,,
Development,19,Focused Training IV,5,4,31320000,10440000,10440000,0,0,None,0,,
Development,19,Focused Training IV,5,5,51000000,17000000,17000000,0,0,None,0,C,Lv2-4 same as RE IV
Development,20,Drill Ground Expansion,5,1,4500000,1500000,1500000,0,0,Rapid Field Dressing IV Lv1,1,C,
Development,20,Drill Ground Expansion,5,2,10330000,3440000,3440000,0,0,None,0,C,
Development,20,Drill Ground Expansion,5,3,0,0,0,0,0,None,0,,
Development,20,Drill Ground Expansion,5,4,40780000,13560000,13560000,0,0,None,0,D,Lv3 and Lv5 data missing
Development,20,Drill Ground Expansion,5,5,0,0,0,0,0,None,0,,
Development,21,Survival Skills,5,1,5800000,1900000,1900000,0,0,Drill Ground Expansion Lv1,1,C,
Development,21,Survival Skills,5,2,12440000,4110000,4110000,0,0,None,1,C,
Development,21,Survival Skills,5,3,31320000,10440000,10440000,0,0,None,1,C,
Development,21,Survival Skills,5,4,51000000,17000000,17000000,0,0,None,0,D,
Development,21,Survival Skills,5,5,108440000,36110000,36110000,0,0,None,0,D,Total: 209000000g
Special Forces,1,HP Boost I,10,1,2700000,916100,916100,240,0,None,0,A,Combat HP boost
Special Forces,1,HP Boost I,10,2,2700000,916100,916100,240,0,None,0,A,
Special Forces,1,HP Boost I,10,3,2700000,916100,916100,240,0,None,0,A,
Special Forces,1,HP Boost I,10,4,3800000,1300000,1300000,280,0,None,0,A,
Special Forces,1,HP Boost I,10,5,3800000,1300000,1300000,280,0,None,0,A,
Special Forces,1,HP Boost I,10,6,6900000,2300000,2300000,320,0,None,0,A,
Special Forces,1,HP Boost I,10,7,6900000,2300000,2300000,320,0,None,0,A,
Special Forces,1,HP Boost I,10,8,8900000,2900000,2900000,400,0,None,0,A,
Special Forces,1,HP Boost I,10,9,8900000,2900000,2900000,400,0,None,0,A,
Special Forces,1,HP Boost I,10,10,15500000,5100000,5100000,520,0,None,0,A,Total: 20848000g / 3240v per node
Special Forces,1,Attack Boost I,10,1,2700000,916100,916100,240,0,None,0,A,Combat ATK boost
Special Forces,1,Attack Boost I,10,2,2700000,916100,916100,240,0,None,0,A,
Special Forces,1,Attack Boost I,10,3,2700000,916100,916100,240,0,None,0,A,
Special Forces,1,Attack Boost I,10,4,3800000,1300000,1300000,280,0,None,0,A,
Special Forces,1,Attack Boost I,10,5,3800000,1300000,1300000,280,0,None,0,A,
Special Forces,1,Attack Boost I,10,6,6900000,2300000,2300000,320,0,None,0,A,
Special Forces,1,Attack Boost I,10,7,6900000,2300000,2300000,320,0,None,0,A,
Special Forces,1,Attack Boost I,10,8,8900000,2900000,2900000,400,0,None,0,A,
Special Forces,1,Attack Boost I,10,9,8900000,2900000,2900000,400,0,None,0,A,
Special Forces,1,Attack Boost I,10,10,15500000,5100000,5100000,520,0,None,0,A,
Special Forces,1,Defense Boost I,10,1,2700000,916100,916100,240,0,None,0,A,Combat DEF boost
Special Forces,1,Defense Boost I,10,2,2700000,916100,916100,240,0,None,0,A,
Special Forces,1,Defense Boost I,10,3,2700000,916100,916100,240,0,None,0,A,
Special Forces,1,Defense Boost I,10,4,3800000,1300000,1300000,280,0,None,0,A,
Special Forces,1,Defense Boost I,10,5,3800000,1300000,1300000,280,0,None,0,A,
Special Forces,1,Defense Boost I,10,6,6900000,2300000,2300000,320,0,None,0,A,
Special Forces,1,Defense Boost I,10,7,6900000,2300000,2300000,320,0,None,0,A,
Special Forces,1,Defense Boost I,10,8,8900000,2900000,2900000,400,0,None,0,A,
Special Forces,1,Defense Boost I,10,9,8900000,2900000,2900000,400,0,None,0,A,
Special Forces,1,Defense Boost I,10,10,15500000,5100000,5100000,520,0,None,0,A,
Special Forces,2,Advanced Protection I,10,1,6900000,2300000,2300000,320,0,HP Boost I Lv1; Attack Boost I Lv1; Defense Boost I Lv1,0,,
Special Forces,2,Advanced Protection I,10,2,8900000,2900000,2900000,400,0,HP Boost I Lv2; Attack Boost I Lv2; Defense Boost I Lv2,0,,
Special Forces,2,Advanced Protection I,10,3,8900000,2900000,2900000,400,0,HP Boost I Lv3; Attack Boost I Lv3; Defense Boost I Lv3,0,,
Special Forces,2,Advanced Protection I,10,4,15500000,5100000,5100000,520,0,HP Boost I Lv4; Attack Boost I Lv4; Defense Boost I Lv4,0,,
Special Forces,2,Advanced Protection I,10,5,15500000,5100000,5100000,520,0,HP Boost I Lv5; Attack Boost I Lv5; Defense Boost I Lv5,0,,
Special Forces,2,Advanced Protection I,10,6,18700000,61400000,61400000,640,0,None,0,,
Special Forces,2,Advanced Protection I,10,7,18700000,61400000,61400000,640,0,None,0,,
Special Forces,2,Advanced Protection I,10,8,33600000,11100000,11100000,800,0,None,0,,
Special Forces,2,Advanced Protection I,10,9,33600000,11100000,11100000,800,0,None,0,,
Special Forces,2,Advanced Protection I,10,10,47100000,15600000,15600000,960,0,None,0,,
Special Forces,3,Defense Training VII,10,1,8900000,2900000,2900000,400,0,Advanced Protection Lv1,0,B,
Special Forces,3,Defense Training VII,10,2,8900000,2900000,2900000,400,0,Advanced Protection Lv2,0,B,
Special Forces,3,Defense Training VII,10,3,15500000,5100000,5100000,520,0,Advanced Protection Lv3,0,B,
Special Forces,3,Defense Training VII,10,4,15500000,5100000,5100000,520,0,Advanced Protection Lv4,0,B,Lvl 4 unlocks Row 4
Special Forces,3,Defense Training VII,10,5,18700000,61400000,61400000,640,0,Advanced Protection Lv5,0,B,
Special Forces,3,Defense Training VII,10,6,18700000,61400000,61400000,640,0,Advanced Protection Lv6,0,B,
Special Forces,3,Defense Training VII,10,7,33600000,11100000,11100000,800,0,Advanced Protection Lv7,0,B,
Special Forces,3,Defense Training VII,10,8,33600000,11100000,11100000,800,0,Advanced Protection Lv8,0,B,
Special Forces,3,Defense Training VII,10,9,47100000,15700000,15700000,960,0,Advanced Protection Lv9,0,B,
Special Forces,3,Defense Training VII,10,10,47100000,15700000,15700000,960,0,Advanced Protection Lv10,0,B,
Special Forces,3,Weapon Training VII,10,1,8900000,2900000,2900000,400,0,Advanced Protection Lv1,0,B,
Special Forces,3,Weapon Training VII,10,2,8900000,2900000,2900000,400,0,Advanced Protection Lv2,0,,
Special Forces,3,Weapon Training VII,10,3,15500000,5100000,5100000,520,0,Advanced Protection Lv3,0,,
Special Forces,3,Weapon Training VII,10,4,15500000,5100000,5100000,520,0,Advanced Protection Lv4,0,,
Special Forces,3,Weapon Training VII,10,5,18700000,61400000,61400000,640,0,Advanced Protection Lv5,0,B,Same cost pattern as Def Training VII
Special Forces,3,Weapon Training VII,10,6,18700000,61400000,61400000,640,0,Advanced Protection Lv6,0,,
Special Forces,3,Weapon Training VII,10,7,33600000,11100000,11100000,800,0,Advanced Protection Lv7,0,,
Special Forces,3,Weapon Training VII,10,8,33600000,11100000,11100000,800,0,Advanced Protection Lv8,0,,
Special Forces,3,Weapon Training VII,10,9,47100000,15700000,15700000,960,0,Advanced Protection Lv9,0,,
Special Forces,3,Weapon Training VII,10,10,47100000,15700000,15700000,960,0,Advanced Protection Lv10,0,B,
Special Forces,3,Advanced Armor VII,10,1,8900000,2900000,2900000,400,0,Advanced Protection Lv1,0,B,
Special Forces,3,Advanced Armor VII,10,2,8900000,2900000,2900000,400,0,Advanced Protection Lv2,0,,
Special Forces,3,Advanced Armor VII,10,3,15500000,5100000,5100000,520,0,Advanced Protection Lv3,0,,
Special Forces,3,Advanced Armor VII,10,4,15500000,5100000,5100000,520,0,Advanced Protection Lv4,0,,
Special Forces,3,Advanced Armor VII,10,5,18700000,61400000,61400000,640,0,Advanced Protection Lv5,0,B,Same cost pattern as Def Training VII
Special Forces,3,Advanced Armor VII,10,6,18700000,61400000,61400000,640,0,Advanced Protection Lv6,0,,
Special Forces,3,Advanced Armor VII,10,7,33600000,11100000,11100000,800,0,Advanced Protection Lv7,0,,
Special Forces,3,Advanced Armor VII,10,8,33600000,11100000,11100000,800,0,Advanced Protection Lv8,0,,
Special Forces,3,Advanced Armor VII,10,9,47100000,15700000,15700000,960,0,Advanced Protection Lv9,0,,
Special Forces,3,Advanced Armor VII,10,10,47100000,15700000,15700000,960,0,Advanced Protection Lv10,0,B,
Special Forces,4,Focused Training I,10,1,15500000,5100000,5100000,520,0,Defense Training VII Lv4; Weapon Training VII Lv4; Advanced Armor VII Lv4,0,A,Training speed (SF)
Special Forces,4,Focused Training I,10,2,18700000,6100000,6100000,640,0,None,0,A,
Special Forces,4,Focused Training I,10,3,0,0,0,0,0,None,0,,
Special Forces,4,Focused Training I,10,4,33600000,11100000,11100000,800,0,None,0,A,Lv3 and Lv5-10 data missing
Special Forces,4,Focused Training I,10,5,0,0,0,0,0,None,0,,
Special Forces,4,Focused Training I,10,6,0,0,0,0,0,None,0,,
Special Forces,4,Focused Training I,10,7,0,0,0,0,0,None,0,,
Special Forces,4,Focused Training I,10,8,0,0,0,0,0,None,0,,
Special Forces,4,Focused Training I,10,9,0,0,0,0,0,None,0,,
Special Forces,4,Focused Training I,10,10,0,0,0,0,0,None,0,,
Special Forces,4,Barracks Expansion I,10,1,15500000,5100000,5100000,520,0,Defense Training VII Lv4; Weapon Training VII Lv4; Advanced Armor VII Lv4,0,A,Barracks capacity (SF)
Special Forces,4,Barracks Expansion I,10,2,18700000,6100000,6100000,640,0,None,0,A,
Special Forces,4,Barracks Expansion I,10,3,0,0,0,0,0,None,0,,
Special Forces,4,Barracks Expansion I,10,4,33600000,11100000,11100000,800,0,None,0,A,Lv3 and Lv5-10 data missing
Special Forces,4,Barracks Expansion I,10,5,0,0,0,0,0,None,0,,
Special Forces,4,Barracks Expansion I,10,6,0,0,0,0,0,None,0,,
Special Forces,4,Barracks Expansion I,10,7,0,0,0,0,0,None,0,,
Special Forces,4,Barracks Expansion I,10,8,0,0,0,0,0,None,0,,
Special Forces,4,Barracks Expansion I,10,9,0,0,0,0,0,None,0,,
Special Forces,4,Barracks Expansion I,10,10,0,0,0,0,0,None,0,,
Special Forces,5,HP Boost II,10,1,33600000,11100000,11100000,800,0,Focused Training I Lv1; Barracks Expansion I Lv1,0,A,Tier II combat HP
Special Forces,5,HP Boost II,10,2,33600000,11100000,11100000,800,0,None,0,A,
Special Forces,5,HP Boost II,10,3,33600000,11100000,11100000,800,0,None,0,A,
Special Forces,5,HP Boost II,10,4,47100000,15600000,15600000,960,0,None,0,A,
Special Forces,5,HP Boost II,10,5,47100000,15600000,15600000,960,0,None,0,A,
Special Forces,5,HP Boost II,10,6,61200000,20300000,20300000,1120,0,None,0,A,
Special Forces,5,HP Boost II,10,7,61200000,20300000,20300000,1120,0,None,0,A,
Special Forces,5,HP Boost II,10,8,76600000,25400000,25400000,1280,0,None,0,A,
Special Forces,5,HP Boost II,10,9,76600000,25400000,25400000,1280,0,None,0,A,
Special Forces,5,HP Boost II,10,10,95700000,31900000,31900000,1440,0,None,0,A,Total: 566300g / 10560v per node
Special Forces,5,Attack Boost II,10,1,33600000,11100000,11100000,800,0,Focused Training I Lv1; Barracks Expansion I Lv1,0,A,Same costs as HP Boost II
Special Forces,5,Attack Boost II,10,2,33600000,11100000,11100000,800,0,None,0,,
Special Forces,5,Attack Boost II,10,3,33600000,11100000,11100000,800,0,None,0,,
Special Forces,5,Attack Boost II,10,4,47100000,15600000,15600000,960,0,None,0,,
Special Forces,5,Attack Boost II,10,5,47100000,15600000,15600000,960,0,None,0,,
Special Forces,5,Attack Boost II,10,6,61200000,20300000,20300000,1120,0,None,0,,
Special Forces,5,Attack Boost II,10,7,61200000,20300000,20300000,1120,0,None,0,,
Special Forces,5,Attack Boost II,10,8,76600000,25400000,25400000,1280,0,None,0,,
Special Forces,5,Attack Boost II,10,9,76600000,25400000,25400000,1280,0,None,0,,
Special Forces,5,Attack Boost II,10,10,95700000,31900000,31900000,1440,0,None,0,A,
Special Forces,5,Defense Boost II,10,1,33600000,11100000,11100000,800,0,Focused Training I Lv1; Barracks Expansion I Lv1,0,A,Same costs as HP Boost II
Special Forces,5,Defense Boost II,10,2,33600000,11100000,11100000,800,0,None,0,,
Special Forces,5,Defense Boost II,10,3,33600000,11100000,11100000,800,0,None,0,,
Special Forces,5,Defense Boost II,10,4,47100000,15600000,15600000,960,0,None,0,,
Special Forces,5,Defense Boost II,10,5,47100000,15600000,15600000,960,0,None,0,,
Special Forces,5,Defense Boost II,10,6,61200000,20300000,20300000,1120,0,None,0,,
Special Forces,5,Defense Boost II,10,7,61200000,20300000,20300000,1120,0,None,0,,
Special Forces,5,Defense Boost II,10,8,76600000,25400000,25400000,1280,0,None,0,,
Special Forces,5,Defense Boost II,10,9,76600000,25400000,25400000,1280,0,None,0,,
Special Forces,5,Defense Boost II,10,10,95700000,31900000,31900000,1440,0,None,0,A,
Special Forces,6,Morale,10,1,47100000,15600000,15600000,960,0,HP Boost II Lv1; Attack Boost II Lv1; Defense Boost II Lv1,0,A,Morale combat buff
Special Forces,6,Morale,10,2,61300000,20400000,20400000,1120,0,None,0,A,
Special Forces,6,Morale,10,3,61300000,20400000,20400000,1120,0,None,0,A,
Special Forces,6,Morale,10,4,76600000,25400000,25400000,1280,0,None,0,A,
Special Forces,6,Morale,10,5,76600000,25400000,25400000,1280,0,None,0,A,
Special Forces,6,Morale,10,6,95700000,31900000,31900000,1440,0,None,0,A,
Special Forces,6,Morale,10,7,95700000,31900000,31900000,1440,0,None,0,A,
Special Forces,6,Morale,10,8,162700000,54200000,54200000,1600,0,None,0,A,
Special Forces,6,Morale,10,9,162700000,54200000,54200000,1600,0,None,0,A,
Special Forces,6,Morale,10,10,227700000,75900000,75900000,1800,0,None,0,A,Total: 1067400g / 13640v
Special Forces,7,Defense Training VIII,10,1,60300000,20100000,20100000,1120,0,Morale Lv1,0,A,Path to T10 troops
Special Forces,7,Defense Training VIII,10,2,76600000,25500000,25500000,1280,0,Morale Lv2,0,A,
Special Forces,7,Defense Training VIII,10,3,76600000,25500000,25500000,1280,0,Morale Lv3,0,A,Lvl 3 unlocks Row 8
Special Forces,7,Defense Training VIII,10,4,95700000,31900000,31900000,1440,0,Morale Lv4,0,A,
Special Forces,7,Defense Training VIII,10,5,95700000,31900000,31900000,1440,0,Morale Lv5,0,A,
Special Forces,7,Defense Training VIII,10,6,162700000,54200000,54200000,1600,0,Morale Lv6,0,A,
Special Forces,7,Defense Training VIII,10,7,162700000,54200000,54200000,1600,0,Morale Lv7,0,A,
Special Forces,7,Defense Training VIII,10,8,227700000,75900000,75900000,1800,0,Morale Lv8,0,A,
Special Forces,7,Defense Training VIII,10,9,227700000,75900000,75900000,1800,0,Morale Lv9,0,A,
Special Forces,7,Defense Training VIII,10,10,296000000,98700000,98700000,2000,0,Morale Lv10,0,A,Total/node: 1481700g / 15360v
Special Forces,7,Weapon Training VIII,10,1,60300000,20100000,20100000,1120,0,Morale Lv1,0,A,Same costs as Def Training VIII
Special Forces,7,Weapon Training VIII,10,2,76600000,25500000,25500000,1280,0,Morale Lv2,0,,
Special Forces,7,Weapon Training VIII,10,3,76600000,25500000,25500000,1280,0,Morale Lv3,0,,
Special Forces,7,Weapon Training VIII,10,4,95700000,31900000,31900000,1440,0,Morale Lv4,0,,
Special Forces,7,Weapon Training VIII,10,5,95700000,31900000,31900000,1440,0,Morale Lv5,0,,
Special Forces,7,Weapon Training VIII,10,6,162700000,54200000,54200000,1600,0,Morale Lv6,0,,
Special Forces,7,Weapon Training VIII,10,7,162700000,54200000,54200000,1600,0,Morale Lv7,0,,
Special Forces,7,Weapon Training VIII,10,8,227700000,75900000,75900000,1800,0,Morale Lv8,0,,
Special Forces,7,Weapon Training VIII,10,9,227700000,75900000,75900000,1800,0,Morale Lv9,0,,
Special Forces,7,Weapon Training VIII,10,10,296000000,98700000,98700000,2000,0,Morale Lv10,0,A,
Special Forces,7,Advanced Armor VIII,10,1,60300000,20100000,20100000,1120,0,Morale Lv1,0,A,Same costs as Def Training VIII
Special Forces,7,Advanced Armor VIII,10,2,76600000,25500000,25500000,1280,0,Morale Lv2,0,,
Special Forces,7,Advanced Armor VIII,10,3,76600000,25500000,25500000,1280,0,Morale Lv3,0,,
Special Forces,7,Advanced Armor VIII,10,4,95700000,31900000,31900000,1440,0,Morale Lv4,0,,
Special Forces,7,Advanced Armor VIII,10,5,95700000,31900000,31900000,1440,0,Morale Lv5,0,,
Special Forces,7,Advanced Armor VIII,10,6,162700000,54200000,54200000,1600,0,Morale Lv6,0,,
Special Forces,7,Advanced Armor VIII,10,7,162700000,54200000,54200000,1600,0,Morale Lv7,0,,
Special Forces,7,Advanced Armor VIII,10,8,227700000,75900000,75900000,1800,0,Morale Lv8,0,,
Special Forces,7,Advanced Armor VIII,10,9,227700000,75900000,75900000,1800,0,Morale Lv9,0,,
Special Forces,7,Advanced Armor VIII,10,10,296000000,98700000,98700000,2000,0,Morale Lv10,0,A,
Special Forces,8,Rapid Field Dressing I,10,1,76600000,25500000,25500000,1280,0,Defense Training VIII Lv3; Weapon Training VIII Lv3; Advanced Armor VIII Lv3,0,B,Healing speed (SF)
Special Forces,8,Rapid Field Dressing I,10,2,95700000,31900000,31900000,1440,0,None,0,B,Lv3-10 data missing
Special Forces,8,Rapid Field Dressing I,10,3,0,0,0,0,0,None,0,,
Special Forces,8,Rapid Field Dressing I,10,4,0,0,0,0,0,None,0,,
Special Forces,8,Rapid Field Dressing I,10,5,0,0,0,0,0,None,0,,
Special Forces,8,Rapid Field Dressing I,10,6,0,0,0,0,0,None,0,,
Special Forces,8,Rapid Field Dressing I,10,7,0,0,0,0,0,None,0,,
Special Forces,8,Rapid Field Dressing I,10,8,0,0,0,0,0,None,0,,
Special Forces,8,Rapid Field Dressing I,10,9,0,0,0,0,0,None,0,,
Special Forces,8,Rapid Field Dressing I,10,10,0,0,0,0,0,None,0,,
Special Forces,8,Infirmary Expansion I,10,1,76600000,25500000,25500000,1280,0,Defense Training VIII Lv3; Weapon Training VIII Lv3; Advanced Armor VIII Lv3,0,B,Infirmary capacity (SF)
Special Forces,8,Infirmary Expansion I,10,2,95700000,31900000,31900000,1440,0,None,0,B,Lv3-10 data missing
Special Forces,8,Infirmary Expansion I,10,3,0,0,0,0,0,None,0,,
Special Forces,8,Infirmary Expansion I,10,4,0,0,0,0,0,None,0,,
Special Forces,8,Infirmary Expansion I,10,5,0,0,0,0,0,None,0,,
Special Forces,8,Infirmary Expansion I,10,6,0,0,0,0,0,None,0,,
Special Forces,8,Infirmary Expansion I,10,7,0,0,0,0,0,None,0,,
Special Forces,8,Infirmary Expansion I,10,8,0,0,0,0,0,None,0,,
Special Forces,8,Infirmary Expansion I,10,9,0,0,0,0,0,None,0,,
Special Forces,8,Infirmary Expansion I,10,10,0,0,0,0,0,None,0,,
Special Forces,9,Advanced Protection II,10,1,76600000,25500000,25500000,1280,0,Rapid Field Dressing I Lv1; Infirmary Expansion I Lv1,0,,
Special Forces,9,Advanced Protection II,10,2,162700000,54200000,54200000,1600,0,Rapid Field Dressing I Lv1; Infirmary Expansion I Lv1,0,,
Special Forces,9,Advanced Protection II,10,3,162700000,54200000,54200000,1600,0,Rapid Field Dressing I Lv1; Infirmary Expansion I Lv1,0,,
Special Forces,9,Advanced Protection II,10,4,162700000,54200000,54200000,1600,0,Rapid Field Dressing I Lv1; Infirmary Expansion I Lv1,0,,
Special Forces,9,Advanced Protection II,10,5,227700000,75900000,75900000,1800,0,Rapid Field Dressing I Lv1; Infirmary Expansion I Lv1,0,,
Special Forces,9,Advanced Protection II,10,6,227700000,75900000,75900000,1800,0,Rapid Field Dressing I Lv1; Infirmary Expansion I Lv1,0,,
Special Forces,9,Advanced Protection II,10,7,227700000,75900000,75900000,1800,0,Rapid Field Dressing I Lv1; Infirmary Expansion I Lv1,0,,
Special Forces,9,Advanced Protection II,10,8,296000000,98700000,98700000,2000,0,Rapid Field Dressing I Lv1; Infirmary Expansion I Lv1,0,,
Special Forces,9,Advanced Protection II,10,9,296000000,98700000,98700000,2000,0,Rapid Field Dressing I Lv1; Infirmary Expansion I Lv1,0,,
Special Forces,9,Advanced Protection II,10,10,414600000,138100000,138100000,2200,0,Rapid Field Dressing I Lv1; Infirmary Expansion I Lv1,0,,
Special Forces,10,HP Boost III,10,1,95700000,31900000,31900000,1440,0,Advanced Protection Lv1,0,A,Final tier before Unit X
Special Forces,10,HP Boost III,10,2,162700000,54200000,54200000,1600,0,Advanced Protection Lv2,0,A,
Special Forces,10,HP Boost III,10,3,162700000,54200000,54200000,1600,0,Advanced Protection Lv3,0,A,
Special Forces,10,HP Boost III,10,4,227700000,75900000,75900000,1800,0,Advanced Protection Lv4,0,A,
Special Forces,10,HP Boost III,10,5,227700000,75900000,75900000,1800,0,Advanced Protection Lv5,0,A,
Special Forces,10,HP Boost III,10,6,296000000,98700000,98700000,2000,0,Advanced Protection Lv6,0,A,
Special Forces,10,HP Boost III,10,7,296000000,98700000,98700000,2000,0,Advanced Protection Lv7,0,A,
Special Forces,10,HP Boost III,10,8,414600000,138100000,138100000,2200,0,Advanced Protection Lv8,0,A,
Special Forces,10,HP Boost III,10,9,414600000,138100000,138100000,2200,0,Advanced Protection Lv9,0,A,
Special Forces,10,HP Boost III,10,10,580300000,193400000,193400000,2400,0,Advanced Protection Lv10,0,A,Total/node: 2878000g / 19040v
Special Forces,10,Attack Boost III,10,1,95700000,31900000,31900000,1440,0,Advanced Protection Lv1,0,A,Same costs as HP Boost III
Special Forces,10,Attack Boost III,10,2,162700000,54200000,54200000,1600,0,Advanced Protection Lv2,0,,
Special Forces,10,Attack Boost III,10,3,162700000,54200000,54200000,1600,0,Advanced Protection Lv3,0,,
Special Forces,10,Attack Boost III,10,4,227700000,75900000,75900000,1800,0,Advanced Protection Lv4,0,,
Special Forces,10,Attack Boost III,10,5,227700000,75900000,75900000,1800,0,Advanced Protection Lv5,0,,
Special Forces,10,Attack Boost III,10,6,296000000,98700000,98700000,2000,0,Advanced Protection Lv6,0,,
Special Forces,10,Attack Boost III,10,7,296000000,98700000,98700000,2000,0,Advanced Protection Lv7,0,,
Special Forces,10,Attack Boost III,10,8,414600000,138100000,138100000,2200,0,Advanced Protection Lv8,0,,
Special Forces,10,Attack Boost III,10,9,414600000,138100000,138100000,2200,0,Advanced Protection Lv9,0,,
Special Forces,10,Attack Boost III,10,10,580300000,193400000,193400000,2400,0,Advanced Protection Lv10,0,A,
Special Forces,10,Defense Boost III,10,1,95700000,31900000,31900000,1440,0,Advanced Protection Lv1,0,A,Same costs as HP Boost III
Special Forces,10,Defense Boost III,10,2,162700000,54200000,54200000,1600,0,Advanced Protection Lv2,0,,
Special Forces,10,Defense Boost III,10,3,162700000,54200000,54200000,1600,0,Advanced Protection Lv3,0,,
Special Forces,10,Defense Boost III,10,4,227700000,75900000,75900000,1800,0,Advanced Protection Lv4,0,,
Special Forces,10,Defense Boost III,10,5,227700000,75900000,75900000,1800,0,Advanced Protection Lv5,0,,
Special Forces,10,Defense Boost III,10,6,296000000,98700000,98700000,2000,0,Advanced Protection Lv6,0,,
Special Forces,10,Defense Boost III,10,7,296000000,98700000,98700000,2000,0,Advanced Protection Lv7,0,,
Special Forces,10,Defense Boost III,10,8,414600000,138100000,138100000,2200,0,Advanced Protection Lv8,0,,
Special Forces,10,Defense Boost III,10,9,414600000,138100000,138100000,2200,0,Advanced Protection Lv9,0,,
Special Forces,10,Defense Boost III,10,10,580300000,193400000,193400000,2400,0,Advanced Protection Lv10,0,A,
Special Forces,11,Unit X,1,1,580300000,193400000,193400000,2400,0,HP Boost III Lv10; Attack Boost III Lv10; Defense Boost III Lv10,0,S,UNLOCKS T10 TROOPS! Ultimate goal
Hero,1,Tank Mastery I,5,1,13700,4600,4600,0,0,None,1,B,Tank hero stat boost - MAX
Hero,1,Tank Mastery I,5,2,164000,54700,54700,0,0,None,1,B,
Hero,1,Tank Mastery I,5,3,503900,168000,168000,0,0,None,1,B,
Hero,1,Tank Mastery I,5,4,2300000,785200,785200,0,0,None,1,B,
Hero,1,Tank Mastery I,5,5,8218400,2700000,2700000,0,0,None,1,B,MAX
Hero,2,Cannon Enhancement I,5,1,27300,9100,9100,0,0,Tank Mastery I Lv1,1,C,Tank ATK boost - MAX
Hero,2,Cannon Enhancement I,5,2,262400,87500,87500,0,0,None,1,,
Hero,2,Cannon Enhancement I,5,3,1200000,419000,419000,0,0,Tank Mastery I Lv3,1,,
Hero,2,Cannon Enhancement I,5,4,3200000,1000000,1000000,0,0,None,1,,
Hero,2,Cannon Enhancement I,5,5,10684000,3560000,3560000,0,0,None,1,C,MAX
Hero,2,Armor Hardening I,5,1,27300,9100,9100,0,0,Tank Mastery I Lv1,1,C,Tank DEF boost - MAX
Hero,2,Armor Hardening I,5,2,262400,87500,87500,0,0,None,1,,
Hero,2,Armor Hardening I,5,3,1200000,419000,419000,0,0,Tank Mastery I Lv3,1,,
Hero,2,Armor Hardening I,5,4,3200000,1000000,1000000,0,0,None,1,,
Hero,2,Armor Hardening I,5,5,10684000,3560000,3560000,0,0,None,1,C,MAX
Hero,3,Track Fortification I,5,1,82000,27300,27300,0,0,Cannon Enhancement I Lv1; Armor Hardening I Lv1,1,C,Tank convergence node - MAX
Hero,3,Track Fortification I,5,2,419900,140000,140000,0,0,None,1,,
Hero,3,Track Fortification I,5,3,2100000,713800,713800,0,0,Cannon Enhancement I Lv3; Armor Hardening I Lv3,1,,
Hero,3,Track Fortification I,5,4,4600000,1500000,1500000,0,0,None,1,,
Hero,3,Track Fortification I,5,5,18696900,6180000,6180000,0,0,None,1,C,MAX
Hero,4,Aircraft Mastery I,5,1,164000,54700,54700,0,0,Track Fortification I Lv1,1,B,Aircraft hero stat boost - YOUR MAIN
Hero,4,Aircraft Mastery I,5,2,503900,168000,168000,0,0,None,1,B,
Hero,4,Aircraft Mastery I,5,3,2300000,785200,785200,0,0,Track Fortification I Lv3,1,B,3/5
Hero,4,Aircraft Mastery I,5,4,8218400,2700000,2700000,0,0,None,0,B,
Hero,4,Aircraft Mastery I,5,5,22436300,7430000,7430000,0,0,None,0,B,
Hero,5,Airborne Weapon I,5,1,262400,87500,87500,0,0,Aircraft Mastery I Lv1,1,B,Aircraft ATK boost
Hero,5,Airborne Weapon I,5,2,1200000,419000,419000,0,0,None,1,,
Hero,5,Airborne Weapon I,5,3,3200000,1000000,1000000,0,0,Aircraft Mastery I Lv3,1,B,3/5
Hero,5,Airborne Weapon I,5,4,10684000,3560000,3560000,0,0,None,0,,
Hero,5,Airborne Weapon I,5,5,40385400,13461800,13461800,0,0,None,0,B,2 levels remaining
Hero,5,Reinforced Body I,5,1,262400,87500,87500,0,0,Aircraft Mastery I Lv1,1,B,Aircraft DEF boost
Hero,5,Reinforced Body I,5,2,1200000,419000,419000,0,0,None,1,,
Hero,5,Reinforced Body I,5,3,3200000,1000000,1000000,0,0,Aircraft Mastery I Lv3,1,B,3/5
Hero,5,Reinforced Body I,5,4,10684000,3560000,3560000,0,0,None,0,,
Hero,5,Reinforced Body I,5,5,40385400,13461800,13461800,0,0,None,0,B,2 levels remaining
Hero,6,Wingman Tactics I,5,1,419900,140000,140000,0,0,Airborne Weapon I Lv1; Reinforced Body I Lv1,1,B,Aircraft convergence node
Hero,6,Wingman Tactics I,5,2,2100000,713800,713800,0,0,None,1,,
Hero,6,Wingman Tactics I,5,3,4600000,1500000,1500000,0,0,Airborne Weapon I Lv3; Reinforced Body I Lv3,1,B,3/5
Hero,6,Wingman Tactics I,5,4,18696900,6180000,6180000,0,0,None,0,,
Hero,6,Wingman Tactics I,5,5,56539500,18846500,18846500,0,0,None,0,B,2 levels remaining
Hero,7,Missile Mastery I,5,1,503900,168000,168000,0,0,Wingman Tactics I Lv1,1,C,Missile hero stat boost
Hero,7,Missile Mastery I,5,2,2300000,785200,785200,0,0,None,1,C,
Hero,7,Missile Mastery I,5,3,8218400,2700000,2700000,0,0,Wingman Tactics I Lv3,1,C,3/5
Hero,7,Missile Mastery I,5,4,22436300,7430000,7430000,0,0,None,0,C,
Hero,7,Missile Mastery I,5,5,73501400,24500500,24500500,0,0,None,0,C,
Hero,8,Precision Targeting I,5,1,1200000,419000,419000,0,0,Missile Mastery I Lv1,1,C,Missile ATK boost
Hero,8,Precision Targeting I,5,2,3200000,1000000,1000000,0,0,None,1,,
Hero,8,Precision Targeting I,5,3,10684000,3560000,3560000,0,0,Missile Mastery I Lv3,1,C,3/5
Hero,8,Precision Targeting I,5,4,40385400,13461800,13461800,0,0,None,0,,
Hero,8,Precision Targeting I,5,5,91876700,30625600,30625600,0,0,None,0,C,2 levels remaining
Hero,8,Metal Barricade I,5,1,1200000,419000,419000,0,0,Missile Mastery I Lv1,1,C,Missile DEF boost
Hero,8,Metal Barricade I,5,2,3200000,1000000,1000000,0,0,None,1,,
Hero,8,Metal Barricade I,5,3,10684000,3560000,3560000,0,0,Missile Mastery I Lv3,1,C,3/5
Hero,8,Metal Barricade I,5,4,40385400,13461800,13461800,0,0,None,0,,
Hero,8,Metal Barricade I,5,5,91876700,30625600,30625600,0,0,None,0,C,2 levels remaining
Hero,9,Missile Expansion I,5,1,2100000,713800,713800,0,0,Precision Targeting I Lv1; Metal Barricade I Lv1,1,D,Missile convergence node
Hero,9,Missile Expansion I,5,2,4600000,1500000,1500000,0,0,None,1,,
Hero,9,Missile Expansion I,5,3,18696900,6180000,6180000,0,0,Precision Targeting I Lv3; Metal Barricade I Lv3,1,D,3/5
Hero,9,Missile Expansion I,5,4,56539500,18846500,18846500,0,0,None,0,,
Hero,9,Missile Expansion I,5,5,114845900,38282000,38282000,0,0,None,0,D,2 levels remaining
Hero,10,Tank Mastery II,5,1,2300000,785200,785200,0,0,Missile Expansion I Lv1,1,C,Tier II tank stats
Hero,10,Tank Mastery II,5,2,8218400,2700000,2700000,0,0,None,1,C,2/5
Hero,10,Tank Mastery II,5,3,22436300,7430000,7430000,0,0,Missile Expansion I Lv3,0,,
Hero,10,Tank Mastery II,5,4,73501400,24500500,24500500,0,0,None,0,,
Hero,10,Tank Mastery II,5,5,195140000,64970000,64970000,0,0,None,0,C,3 levels remaining
Hero,11,Cannon Enhancement II,5,1,3200000,1000000,1000000,0,0,Tank Mastery II Lv1,1,C,1/5
Hero,11,Cannon Enhancement II,5,2,10684000,3560000,3560000,0,0,None,0,,
Hero,11,Cannon Enhancement II,5,3,40385400,13461800,13461800,0,0,Tank Mastery II Lv3,0,,
Hero,11,Cannon Enhancement II,5,4,91876700,30625600,30625600,0,0,None,0,,
Hero,11,Cannon Enhancement II,5,5,273260000,91050000,91050000,0,0,None,0,,
Hero,11,Armor Hardening II,5,1,3200000,1000000,1000000,0,0,Tank Mastery II Lv1,1,C,1/5
Hero,11,Armor Hardening II,5,2,10684000,3560000,3560000,0,0,None,0,,
Hero,11,Armor Hardening II,5,3,40385400,13461800,13461800,0,0,Tank Mastery II Lv3,0,,
Hero,11,Armor Hardening II,5,4,91876700,30625600,30625600,0,0,None,0,,
Hero,11,Armor Hardening II,5,5,273260000,91050000,91050000,0,0,None,0,,
Hero,12,Track Fortification II,5,1,4600000,1500000,1500000,0,0,Cannon Enhancement II Lv1; Armor Hardening II Lv1,1,C,1/5
Hero,12,Track Fortification II,5,2,18696900,6180000,6180000,0,0,None,0,,
Hero,12,Track Fortification II,5,3,56539500,18846500,18846500,0,0,Cannon Enhancement II Lv3; Armor Hardening II Lv3,0,,
Hero,12,Track Fortification II,5,4,114845900,38282000,38282000,0,0,None,0,,
Hero,12,Track Fortification II,5,5,353370033,117790011,117790011,0,0,None,0,,
Hero,13,Aircraft Mastery II,5,1,8218400,2700000,2700000,0,0,Track Fortification II Lv1,0,B,Tier II aircraft stats - YOUR MAIN (need Wingman Tactics I to 3+)
Hero,13,Aircraft Mastery II,5,2,22436300,7430000,7430000,0,0,None,0,,
Hero,13,Aircraft Mastery II,5,3,73501400,24500500,24500500,0,0,Track Fortification II Lv3,0,,
Hero,13,Aircraft Mastery II,5,4,195140000,64970000,64970000,0,0,None,0,,
Hero,13,Aircraft Mastery II,5,5,497466500,165822200,165822200,0,0,None,0,B,
Hero,14,Airborne Weapon II,5,1,10680000,3560000,3560000,0,0,Aircraft Mastery II Lv1,0,B,
Hero,14,Airborne Weapon II,5,2,40310000,13400000,13400000,0,0,None,0,,
Hero,14,Airborne Weapon II,5,3,91876700,30625600,30625600,0,0,Aircraft Mastery II Lv3,0,,
Hero,14,Airborne Weapon II,5,4,273260000,91050000,91050000,0,0,None,0,,
Hero,14,Airborne Weapon II,5,5,692600000,230830000,230830000,0,0,None,0,,
Hero,14,Reinforced Body II,5,1,10680000,3560000,3560000,0,0,Aircraft Mastery II Lv1,0,B,
Hero,14,Reinforced Body II,5,2,40310000,13400000,13400000,0,0,None,0,,
Hero,14,Reinforced Body II,5,3,91876700,30625600,30625600,0,0,Aircraft Mastery II Lv3,0,,
Hero,14,Reinforced Body II,5,4,273260000,91050000,91050000,0,0,None,0,,
Hero,14,Reinforced Body II,5,5,692600000,230830000,230830000,0,0,None,0,,
Hero,15,Wingman Tactics II,5,1,18640000,6180000,6180000,0,0,Airborne Weapon II Lv1; Reinforced Body II Lv1,0,B,
Hero,15,Wingman Tactics II,5,2,56539500,18846500,18846500,0,0,None,0,,
Hero,15,Wingman Tactics II,5,3,114845900,38282000,38282000,0,0,Airborne Weapon II Lv3; Reinforced Body II Lv3,0,,
Hero,15,Wingman Tactics II,5,4,353370033,117790011,117790011,0,0,None,0,,
Hero,15,Wingman Tactics II,5,5,692600000,230830000,230830000,0,0,None,0,,
Hero,16,Missile Mastery II,5,1,22410000,7430000,7430000,0,0,Wingman Tactics II Lv1,0,D,Tier II missile stats (need Missile Expansion I to 3+)
Hero,16,Missile Mastery II,5,2,73501400,24500500,24500500,0,0,None,0,,
Hero,16,Missile Mastery II,5,3,114845900,38282000,38282000,0,0,None,0,,
Hero,16,Missile Mastery II,5,4,353370033,117790011,117790011,0,0,None,0,,
Hero,16,Missile Mastery II,5,5,692600000,230830000,230830000,0,0,None,0,D,
Hero,17,Precision Targeting II,5,1,40310000,13400000,13400000,0,0,Missile Mastery II Lv1,0,D,
Hero,17,Precision Targeting II,5,2,91876700,30625600,30625600,0,0,None,0,,
Hero,17,Precision Targeting II,5,3,195140000,64970000,64970000,0,0,Missile Mastery II Lv3,0,,
Hero,17,Precision Targeting II,5,4,497466500,165822200,165822200,0,0,None,0,,
Hero,17,Precision Targeting II,5,5,692600000,230830000,230830000,0,0,None,0,,
Hero,17,Metal Barricade II,5,1,40310000,13400000,13400000,0,0,Missile Mastery II Lv1,0,D,
Hero,17,Metal Barricade II,5,2,91876700,30625600,30625600,0,0,None,0,,
Hero,17,Metal Barricade II,5,3,195140000,64970000,64970000,0,0,Missile Mastery II Lv3,0,,
Hero,17,Metal Barricade II,5,4,497466500,165822200,165822200,0,0,None,0,,
Hero,17,Metal Barricade II,5,5,692600000,230830000,230830000,0,0,None,0,,
Hero,18,Missile Expansion II,5,1,55390000,18740000,18740000,0,0,Precision Targeting II Lv1; Metal Barricade II Lv1,0,D,
Hero,18,Missile Expansion II,5,2,91876700,30625600,30625600,0,0,None,0,,
Hero,18,Missile Expansion II,5,3,195140000,64970000,64970000,0,0,Precision Targeting II Lv3; Metal Barricade II Lv3,0,,
Hero,18,Missile Expansion II,5,4,353370033,117790011,117790011,0,0,None,0,,
Hero,18,Missile Expansion II,5,5,692600000,230830000,230830000,0,0,None,0,,
Hero,19,Firepower Boost,5,1,73501400,24500500,24500500,0,0,Missile Expansion II Lv1,0,B,Global ATK boost all heroes
Hero,19,Firepower Boost,5,2,114845900,38282000,38282000,0,0,None,0,,
Hero,19,Firepower Boost,5,3,273260000,91050000,91050000,0,0,Missile Expansion II Lv3,0,,
Hero,19,Firepower Boost,5,4,497466500,165822200,165822200,0,0,None,0,,
Hero,19,Firepower Boost,5,5,692600000,230830000,230830000,0,0,None,0,B,
Hero,20,Weapons Upgrade,5,1,91830000,30580000,30580000,0,0,Firepower Boost Lv1,0,B,Global weapon damage
Hero,20,Weapons Upgrade,5,2,195140000,64970000,64970000,0,0,None,0,,
Hero,20,Weapons Upgrade,5,3,353370033,117790011,117790011,0,0,Firepower Boost Lv3,0,,
Hero,20,Weapons Upgrade,5,4,497466500,165822200,165822200,0,0,None,0,,
Hero,20,Weapons Upgrade,5,5,692600000,230830000,230830000,0,0,None,0,B,
Hero,20,Armor Enhancement,5,1,91830000,30580000,30580000,0,0,Firepower Boost Lv1,0,B,Global DEF boost
Hero,20,Armor Enhancement,5,2,195140000,64970000,64970000,0,0,None,0,,
Hero,20,Armor Enhancement,5,3,353370033,117790011,117790011,0,0,Firepower Boost Lv3,0,,
Hero,20,Armor Enhancement,5,4,497466500,165822200,165822200,0,0,None,0,,
Hero,20,Armor Enhancement,5,5,692600000,230830000,230830000,0,0,None,0,B,
Hero,21,Endurance Upgrade,5,1,114760000,38220000,38220000,0,0,Weapons Upgrade Lv1; Armor Enhancement Lv1,0,B,Global HP boost
Hero,21,Endurance Upgrade,5,2,273260000,91050000,91050000,0,0,None,0,,
Hero,21,Endurance Upgrade,5,3,353370033,117790011,117790011,0,0,Weapons Upgrade Lv3; Armor Enhancement Lv3,0,,
Hero,21,Endurance Upgrade,5,4,497466500,165822200,165822200,0,0,None,0,,
Hero,21,Endurance Upgrade,5,5,692600000,230830000,230830000,0,0,None,0,B,
Squad 1,1,Terminator I,5,1,136700,45600,45600,0,0,None,1,B,Squad 1 = Aircraft (MAIN squad)
Squad 1,1,Terminator I,5,2,218700,72900,72900,0,0,None,1,,
Squad 1,1,Terminator I,5,3,349900,116600,116600,0,0,None,1,,
Squad 1,1,Terminator I,5,4,419900,140000,140000,0,0,None,1,,
Squad 1,1,Terminator I,5,5,1050000,349900,349900,0,0,None,1,B,
Squad 1,2,Virus Resistance I,5,1,136700,45600,45600,0,0,Terminator I Lv1,1,B,
Squad 1,2,Virus Resistance I,5,2,218700,72900,72900,0,0,None,1,,
Squad 1,2,Virus Resistance I,5,3,349900,116600,116600,0,0,None,1,,
Squad 1,2,Virus Resistance I,5,4,419900,140000,140000,0,0,None,1,,
Squad 1,2,Virus Resistance I,5,5,1050000,349900,349900,0,0,None,1,B,
Squad 1,3,Assault Training I,5,1,218700,72900,72900,0,0,Virus Resistance I Lv2,1,B,ATK boost
Squad 1,3,Assault Training I,5,2,349900,116600,116600,0,0,None,1,,
Squad 1,3,Assault Training I,5,3,419900,140000,140000,0,0,None,1,,
Squad 1,3,Assault Training I,5,4,1050000,349900,349900,0,0,None,1,,
Squad 1,3,Assault Training I,5,5,1780000,594900,594900,0,0,None,1,B,
Squad 1,3,Formation Training I,5,1,218700,72900,72900,0,0,Virus Resistance I Lv2,1,B,DEF boost
Squad 1,3,Formation Training I,5,2,349900,116600,116600,0,0,None,1,,
Squad 1,3,Formation Training I,5,3,419900,140000,140000,0,0,None,1,,
Squad 1,3,Formation Training I,5,4,1050000,349900,349900,0,0,None,1,,
Squad 1,3,Formation Training I,5,5,1780000,594900,594900,0,0,None,1,B,
Squad 1,4,Survival Training I,5,1,218700,72900,72900,0,0,Assault Training I Lv2; Formation Training I Lv2,1,B,HP boost
Squad 1,4,Survival Training I,5,2,349900,116600,116600,0,0,None,1,,
Squad 1,4,Survival Training I,5,3,419900,140000,140000,0,0,None,1,,
Squad 1,4,Survival Training I,5,4,1050000,349900,349900,0,0,None,1,,
Squad 1,4,Survival Training I,5,5,1780000,594900,594900,0,0,None,1,B,
Squad 1,5,Resource Reaper I,5,1,349900,116600,116600,0,0,Survival Training I Lv2,1,C,Gathering boost
Squad 1,5,Resource Reaper I,5,2,419900,140000,140000,0,0,None,1,,
Squad 1,5,Resource Reaper I,5,3,1050000,349900,349900,0,0,None,1,,
Squad 1,5,Resource Reaper I,5,4,1780000,594900,594900,0,0,None,1,,
Squad 1,5,Resource Reaper I,5,5,1880000,654400,654400,0,0,None,1,C,
Squad 1,5,Power Boost I,5,1,349900,116600,116600,0,0,Survival Training I Lv2,1,B,Power boost
Squad 1,5,Power Boost I,5,2,419900,140000,140000,0,0,None,1,,
Squad 1,5,Power Boost I,5,3,1050000,349900,349900,0,0,None,1,,
Squad 1,5,Power Boost I,5,4,1780000,594900,594900,0,0,None,1,,
Squad 1,5,Power Boost I,5,5,1880000,654400,654400,0,0,None,1,B,
Squad 1,6,Zombie Radar I,5,1,419900,140000,140000,0,0,Resource Reaper I Lv2; Power Boost I Lv2,1,C,
Squad 1,6,Zombie Radar I,5,2,1050000,349900,349900,0,0,None,1,,
Squad 1,6,Zombie Radar I,5,3,1780000,594900,594900,0,0,None,1,,
Squad 1,6,Zombie Radar I,5,4,1880000,654400,654400,0,0,None,1,,
Squad 1,6,Zombie Radar I,5,5,2670000,916100,916100,0,0,None,1,C,
Squad 1,6,Assault Tactics I,5,1,419900,140000,140000,0,0,Resource Reaper I Lv2; Power Boost I Lv2,1,B,
Squad 1,6,Assault Tactics I,5,2,1050000,349900,349900,0,0,None,1,,
Squad 1,6,Assault Tactics I,5,3,1780000,594900,594900,0,0,None,1,,
Squad 1,6,Assault Tactics I,5,4,1880000,654400,654400,0,0,None,1,,
Squad 1,6,Assault Tactics I,5,5,2670000,916100,916100,0,0,None,1,B,
Squad 1,6,Fast Exploration I,5,1,419900,140000,140000,0,0,Resource Reaper I Lv2; Power Boost I Lv2,1,C,
Squad 1,6,Fast Exploration I,5,2,1050000,349900,349900,0,0,None,1,,
Squad 1,6,Fast Exploration I,5,3,1780000,594900,594900,0,0,None,1,,
Squad 1,6,Fast Exploration I,5,4,1880000,654400,654400,0,0,None,1,,
Squad 1,6,Fast Exploration I,5,5,2670000,916100,916100,0,0,None,1,C,
Squad 1,7,Rapid March I,5,1,419900,140000,140000,0,0,Zombie Radar I Lv1; Assault Tactics I Lv1; Fast Exploration I Lv1,1,B,March speed
Squad 1,7,Rapid March I,5,2,1050000,349900,349900,0,0,None,1,,
Squad 1,7,Rapid March I,5,3,1780000,594900,594900,0,0,None,1,,
Squad 1,7,Rapid March I,5,4,1880000,654400,654400,0,0,None,1,,
Squad 1,7,Rapid March I,5,5,2670000,916100,916100,0,0,None,1,B,
Squad 1,8,Fierce Assault I,5,1,1050000,349900,349900,0,0,Rapid March I Lv2,1,B,Major ATK boost
Squad 1,8,Fierce Assault I,5,2,1780000,594900,594900,0,0,None,1,,
Squad 1,8,Fierce Assault I,5,3,1880000,654400,654400,0,0,None,1,,
Squad 1,8,Fierce Assault I,5,4,2670000,916100,916100,0,0,None,1,,
Squad 1,8,Fierce Assault I,5,5,3780000,1220000,1220000,0,0,None,1,B,
Squad 1,8,Counter Defense I,5,1,1050000,349900,349900,0,0,Rapid March I Lv2,1,B,Major DEF boost
Squad 1,8,Counter Defense I,5,2,1780000,594900,594900,0,0,None,1,,
Squad 1,8,Counter Defense I,5,3,1880000,654400,654400,0,0,None,1,,
Squad 1,8,Counter Defense I,5,4,2670000,916100,916100,0,0,None,1,,
Squad 1,8,Counter Defense I,5,5,3780000,1220000,1220000,0,0,None,1,B,
Squad 1,9,Vigilant Formation I,5,1,1050000,349900,349900,0,0,Fierce Assault I Lv1,1,B,
Squad 1,9,Vigilant Formation I,5,2,1780000,594900,594900,0,0,None,1,,
Squad 1,9,Vigilant Formation I,5,3,1880000,654400,654400,0,0,None,1,,
Squad 1,9,Vigilant Formation I,5,4,2670000,916100,916100,0,0,None,1,,
Squad 1,9,Vigilant Formation I,5,5,3780000,1220000,1220000,0,0,None,1,B,
Squad 1,9,Solid Defense I,5,1,1050000,349900,349900,0,0,Counter Defense I Lv1,1,B,
Squad 1,9,Solid Defense I,5,2,1780000,594900,594900,0,0,None,1,,
Squad 1,9,Solid Defense I,5,3,1880000,654400,654400,0,0,None,1,,
Squad 1,9,Solid Defense I,5,4,2670000,916100,916100,0,0,None,1,,
Squad 1,9,Solid Defense I,5,5,3780000,1220000,1220000,0,0,None,1,B,
Squad 1,10,Final Stand I,5,1,1050000,349900,349900,0,0,Vigilant Formation I Lv1,1,B,
Squad 1,10,Final Stand I,5,2,1780000,594900,594900,0,0,None,1,,
Squad 1,10,Final Stand I,5,3,1880000,654400,654400,0,0,None,1,,
Squad 1,10,Final Stand I,5,4,2670000,916100,916100,0,0,None,1,,
Squad 1,10,Final Stand I,5,5,3780000,1220000,1220000,0,0,None,1,B,
Squad 1,10,Hold the Line I,5,1,1050000,349900,349900,0,0,Solid Defense I Lv1,1,B,
Squad 1,10,Hold the Line I,5,2,1780000,594900,594900,0,0,None,1,,
Squad 1,10,Hold the Line I,5,3,1880000,654400,654400,0,0,None,1,,
Squad 1,10,Hold the Line I,5,4,2670000,916100,916100,0,0,None,1,,
Squad 1,10,Hold the Line I,5,5,3780000,1220000,1220000,0,0,None,1,B,
Squad 1,11,Physical Suppression I,5,1,1780000,594900,594900,0,0,Final Stand I Lv2; Hold the Line I Lv2,1,B,
Squad 1,11,Physical Suppression I,5,2,1880000,654400,654400,0,0,None,1,,
Squad 1,11,Physical Suppression I,5,3,2670000,916100,916100,0,0,None,1,,
Squad 1,11,Physical Suppression I,5,4,3780000,1220000,1220000,0,0,None,1,,
Squad 1,11,Physical Suppression I,5,5,6780000,2220000,2220000,0,0,None,1,B,
Squad 1,11,Energy Barrage I,5,1,1780000,594900,594900,0,0,Final Stand I Lv2; Hold the Line I Lv2,1,B,
Squad 1,11,Energy Barrage I,5,2,1880000,654400,654400,0,0,None,1,,
Squad 1,11,Energy Barrage I,5,3,2670000,916100,916100,0,0,None,1,,
Squad 1,11,Energy Barrage I,5,4,3780000,1220000,1220000,0,0,None,1,,
Squad 1,11,Energy Barrage I,5,5,6780000,2220000,2220000,0,0,None,1,B,
Squad 1,12,Fatal Strike I,5,1,1880000,654400,654400,0,0,Physical Suppression I Lv2; Energy Barrage I Lv2,1,B,Ultimate damage node
Squad 1,12,Fatal Strike I,5,2,2670000,916100,916100,0,0,None,1,,
Squad 1,12,Fatal Strike I,5,3,3780000,1220000,1220000,0,0,None,1,,
Squad 1,12,Fatal Strike I,5,4,6780000,2220000,2220000,0,0,None,1,,
Squad 1,12,Fatal Strike I,5,5,8890000,2890000,2890000,0,0,None,1,B,
Squad 2,1,Terminator II,5,1,2670000,916100,916100,0,0,None,0,C,Squad 2 = Tank (secondary)
Squad 2,1,Terminator II,5,2,3780000,1220000,1220000,0,0,None,0,,
Squad 2,1,Terminator II,5,3,6780000,2220000,2220000,0,0,None,0,,
Squad 2,1,Terminator II,5,4,8890000,2890000,2890000,0,0,None,0,,
Squad 2,1,Terminator II,5,5,15560000,5110000,5110000,0,0,None,0,C,
Squad 2,2,Virus Resistance II,5,1,2670000,916100,916100,0,0,Terminator II Lv1,0,C,
Squad 2,2,Virus Resistance II,5,2,3780000,1220000,1220000,0,0,None,0,,
Squad 2,2,Virus Resistance II,5,3,6780000,2220000,2220000,0,0,None,0,,
Squad 2,2,Virus Resistance II,5,4,8890000,2890000,2890000,0,0,None,0,,
Squad 2,2,Virus Resistance II,5,5,15560000,5110000,5110000,0,0,None,0,,
Squad 2,3,Assault Training II,5,1,3780000,1220000,1220000,0,0,Virus Resistance II Lv2,0,C,
Squad 2,3,Assault Training II,5,2,6780000,2220000,2220000,0,0,None,0,,
Squad 2,3,Assault Training II,5,3,8890000,2890000,2890000,0,0,None,0,,
Squad 2,3,Assault Training II,5,4,15560000,5110000,5110000,0,0,None,0,,
Squad 2,3,Assault Training II,5,5,18670000,6220000,6220000,0,0,None,0,,
Squad 2,3,Formation Training II,5,1,3780000,1220000,1220000,0,0,Virus Resistance II Lv2,0,C,
Squad 2,3,Formation Training II,5,2,6780000,2220000,2220000,0,0,None,0,,
Squad 2,3,Formation Training II,5,3,8890000,2890000,2890000,0,0,None,0,,
Squad 2,3,Formation Training II,5,4,15560000,5110000,5110000,0,0,None,0,,
Squad 2,3,Formation Training II,5,5,18670000,6220000,6220000,0,0,None,0,,
Squad 2,4,Survival Training II,5,1,3780000,1220000,1220000,0,0,Assault Training II Lv2; Formation Training II Lv2,0,C,
Squad 2,4,Survival Training II,5,2,6780000,2220000,2220000,0,0,None,0,,
Squad 2,4,Survival Training II,5,3,8890000,2890000,2890000,0,0,None,0,,
Squad 2,4,Survival Training II,5,4,15560000,5110000,5110000,0,0,None,0,,
Squad 2,4,Survival Training II,5,5,18670000,6220000,6220000,0,0,None,0,,
Squad 2,5,Resource Reaper II,5,1,6780000,2220000,2220000,0,0,Survival Training II Lv2,0,D,
Squad 2,5,Resource Reaper II,5,2,8890000,2890000,2890000,0,0,None,0,,
Squad 2,5,Resource Reaper II,5,3,15560000,5110000,5110000,0,0,None,0,,
Squad 2,5,Resource Reaper II,5,4,18670000,6220000,6220000,0,0,None,0,,
Squad 2,5,Resource Reaper II,5,5,33560000,11110000,11110000,0,0,None,0,,
Squad 2,5,Power Boost II,5,1,6780000,2220000,2220000,0,0,Survival Training II Lv2,0,C,
Squad 2,5,Power Boost II,5,2,8890000,2890000,2890000,0,0,None,0,,
Squad 2,5,Power Boost II,5,3,15560000,5110000,5110000,0,0,None,0,,
Squad 2,5,Power Boost II,5,4,18670000,6220000,6220000,0,0,None,0,,
Squad 2,5,Power Boost II,5,5,33560000,11110000,11110000,0,0,None,0,,
Squad 2,6,Zombie Radar II,5,1,8890000,2890000,2890000,0,0,Resource Reaper II Lv2; Power Boost II Lv2,0,D,
Squad 2,6,Zombie Radar II,5,2,15560000,5110000,5110000,0,0,None,0,,
Squad 2,6,Zombie Radar II,5,3,18670000,6220000,6220000,0,0,None,0,,
Squad 2,6,Zombie Radar II,5,4,33560000,11110000,11110000,0,0,None,0,,
Squad 2,6,Zombie Radar II,5,5,47110000,15670000,15670000,0,0,None,0,,
Squad 2,6,Assault Tactics II,5,1,8890000,2890000,2890000,0,0,Resource Reaper II Lv2; Power Boost II Lv2,0,C,
Squad 2,6,Assault Tactics II,5,2,15560000,5110000,5110000,0,0,None,0,,
Squad 2,6,Assault Tactics II,5,3,18670000,6220000,6220000,0,0,None,0,,
Squad 2,6,Assault Tactics II,5,4,33560000,11110000,11110000,0,0,None,0,,
Squad 2,6,Assault Tactics II,5,5,47110000,15670000,15670000,0,0,None,0,,
Squad 2,6,Fast Exploration II,5,1,8890000,2890000,2890000,0,0,Resource Reaper II Lv2; Power Boost II Lv2,0,D,
Squad 2,6,Fast Exploration II,5,2,15560000,5110000,5110000,0,0,None,0,,
Squad 2,6,Fast Exploration II,5,3,18670000,6220000,6220000,0,0,None,0,,
Squad 2,6,Fast Exploration II,5,4,33560000,11110000,11110000,0,0,None,0,,
Squad 2,6,Fast Exploration II,5,5,47110000,15670000,15670000,0,0,None,0,,
Squad 2,7,Rapid March II,5,1,8890000,2890000,2890000,0,0,Zombie Radar II Lv1; Assault Tactics II Lv1; Fast Exploration II Lv1,0,C,
Squad 2,7,Rapid March II,5,2,15560000,5110000,5110000,0,0,None,0,,
Squad 2,7,Rapid March II,5,3,18670000,6220000,6220000,0,0,None,0,,
Squad 2,7,Rapid March II,5,4,33560000,11110000,11110000,0,0,None,0,,
Squad 2,7,Rapid March II,5,5,47110000,15670000,15670000,0,0,None,0,,
Squad 2,8,Fierce Assault II,5,1,15560000,5110000,5110000,0,0,Rapid March II Lv2,0,C,
Squad 2,8,Fierce Assault II,5,2,18670000,6220000,6220000,0,0,None,0,,
Squad 2,8,Fierce Assault II,5,3,33560000,11110000,11110000,0,0,None,0,,
Squad 2,8,Fierce Assault II,5,4,47110000,15670000,15670000,0,0,None,0,,
Squad 2,8,Fierce Assault II,5,5,61220000,20330000,20330000,0,0,None,0,,
Squad 2,8,Counter Defense II,5,1,15560000,5110000,5110000,0,0,Rapid March II Lv2,0,C,
Squad 2,8,Counter Defense II,5,2,18670000,6220000,6220000,0,0,None,0,,
Squad 2,8,Counter Defense II,5,3,33560000,11110000,11110000,0,0,None,0,,
Squad 2,8,Counter Defense II,5,4,47110000,15670000,15670000,0,0,None,0,,
Squad 2,8,Counter Defense II,5,5,61220000,20330000,20330000,0,0,None,0,,
Squad 2,9,Vigilant Formation II,5,1,15560000,5110000,5110000,0,0,Fierce Assault II Lv1,0,,
Squad 2,9,Vigilant Formation II,5,2,18670000,6220000,6220000,0,0,None,0,,
Squad 2,9,Vigilant Formation II,5,3,33560000,11110000,11110000,0,0,None,0,,
Squad 2,9,Vigilant Formation II,5,4,47110000,15670000,15670000,0,0,None,0,,
Squad 2,9,Vigilant Formation II,5,5,61220000,20330000,20330000,0,0,None,0,,
Squad 2,9,Solid Defense II,5,1,15560000,5110000,5110000,0,0,Counter Defense II Lv1,0,,
Squad 2,9,Solid Defense II,5,2,18670000,6220000,6220000,0,0,None,0,,
Squad 2,9,Solid Defense II,5,3,33560000,11110000,11110000,0,0,None,0,,
Squad 2,9,Solid Defense II,5,4,47110000,15670000,15670000,0,0,None,0,,
Squad 2,9,Solid Defense II,5,5,61220000,20330000,20330000,0,0,None,0,,
Squad 2,10,Final Stand II,5,1,15560000,5110000,5110000,0,0,Vigilant Formation II Lv1,0,,
Squad 2,10,Final Stand II,5,2,18670000,6220000,6220000,0,0,None,0,,
Squad 2,10,Final Stand II,5,3,33560000,11110000,11110000,0,0,None,0,,
Squad 2,10,Final Stand II,5,4,47110000,15670000,15670000,0,0,None,0,,
Squad 2,10,Final Stand II,5,5,61220000,20330000,20330000,0,0,None,0,,
Squad 2,10,Hold the Line II,5,1,15560000,5110000,5110000,0,0,Solid Defense II Lv1,0,,
Squad 2,10,Hold the Line II,5,2,18670000,6220000,6220000,0,0,None,0,,
Squad 2,10,Hold the Line II,5,3,33560000,11110000,11110000,0,0,None,0,,
Squad 2,10,Hold the Line II,5,4,47110000,15670000,15670000,0,0,None,0,,
Squad 2,10,Hold the Line II,5,5,61220000,20330000,20330000,0,0,None,0,,
Squad 2,11,Physical Suppression II,5,1,18670000,6220000,6220000,0,0,Final Stand II Lv2; Hold the Line II Lv2,0,,
Squad 2,11,Physical Suppression II,5,2,33560000,11110000,11110000,0,0,None,0,,
Squad 2,11,Physical Suppression II,5,3,47110000,15670000,15670000,0,0,None,0,,
Squad 2,11,Physical Suppression II,5,4,61220000,20330000,20330000,0,0,None,0,,
Squad 2,11,Physical Suppression II,5,5,76560000,25440000,25440000,0,0,None,0,,
Squad 2,11,Energy Barrage II,5,1,18670000,6220000,6220000,0,0,Final Stand II Lv2; Hold the Line II Lv2,0,,
Squad 2,11,Energy Barrage II,5,2,33560000,11110000,11110000,0,0,None,0,,
Squad 2,11,Energy Barrage II,5,3,47110000,15670000,15670000,0,0,None,0,,
Squad 2,11,Energy Barrage II,5,4,61220000,20330000,20330000,0,0,None,0,,
Squad 2,11,Energy Barrage II,5,5,76560000,25440000,25440000,0,0,None,0,,
Squad 2,12,Fatal Strike II,5,1,33560000,11110000,11110000,0,0,Physical Suppression II Lv2; Energy Barrage II Lv2,0,C,
Squad 2,12,Fatal Strike II,5,2,47110000,15670000,15670000,0,0,None,0,,
Squad 2,12,Fatal Strike II,5,3,61220000,20330000,20330000,0,0,None,0,,
Squad 2,12,Fatal Strike II,5,4,76560000,25440000,25440000,0,0,None,0,,
Squad 2,12,Fatal Strike II,5,5,95670000,31890000,31890000,0,0,None,0,,
Defense Fortifications,1,Extra Hospitals,1,1,33600000,11600000,11600000,400,0,None,0,S,CRITICAL - more hospital beds
Defense Fortifications,2,Hold the Line I,10,1,33600000,11600000,11600000,400,0,Extra Hospitals Lv1,0,B,
Defense Fortifications,2,Hold the Line I,10,2,33600000,11600000,11600000,400,0,None,0,,
Defense Fortifications,2,Hold the Line I,10,3,33600000,11600000,11600000,400,0,None,0,,
Defense Fortifications,2,Hold the Line I,10,4,47070000,15700000,15700000,550,0,None,0,,
Defense Fortifications,2,Hold the Line I,10,5,47070000,15700000,15700000,550,0,None,0,B,
Defense Fortifications,2,Hold the Line I,10,6,47070000,15700000,15700000,550,0,None,0,,
Defense Fortifications,2,Hold the Line I,10,7,61251100,20417000,20417000,700,0,None,0,,
Defense Fortifications,2,Hold the Line I,10,8,61251100,20417000,20417000,700,0,None,0,,
Defense Fortifications,2,Hold the Line I,10,9,61251100,20417000,20417000,700,0,None,0,,
Defense Fortifications,2,Hold the Line I,10,10,61251100,20417000,20417000,700,0,None,0,B,
Defense Fortifications,2,Counter Defense I,10,1,33600000,11600000,11600000,400,0,Extra Hospitals Lv1,0,B,
Defense Fortifications,2,Counter Defense I,10,2,33600000,11600000,11600000,400,0,None,0,,
Defense Fortifications,2,Counter Defense I,10,3,33600000,11600000,11600000,400,0,None,0,,
Defense Fortifications,2,Counter Defense I,10,4,47070000,15700000,15700000,550,0,None,0,,
Defense Fortifications,2,Counter Defense I,10,5,47070000,15700000,15700000,550,0,None,0,B,
Defense Fortifications,2,Counter Defense I,10,6,47070000,15700000,15700000,550,0,None,0,,
Defense Fortifications,2,Counter Defense I,10,7,61251100,20417000,20417000,700,0,None,0,,
Defense Fortifications,2,Counter Defense I,10,8,61251100,20417000,20417000,700,0,None,0,,
Defense Fortifications,2,Counter Defense I,10,9,61251100,20417000,20417000,700,0,None,0,,
Defense Fortifications,2,Counter Defense I,10,10,61251100,20417000,20417000,700,0,None,0,B,
Defense Fortifications,2,Solid Defense I,10,1,33600000,11600000,11600000,400,0,Extra Hospitals Lv1,0,B,
Defense Fortifications,2,Solid Defense I,10,2,33600000,11600000,11600000,400,0,None,0,,
Defense Fortifications,2,Solid Defense I,10,3,33600000,11600000,11600000,400,0,None,0,,
Defense Fortifications,2,Solid Defense I,10,4,47070000,15700000,15700000,550,0,None,0,,
Defense Fortifications,2,Solid Defense I,10,5,47070000,15700000,15700000,550,0,None,0,B,
Defense Fortifications,2,Solid Defense I,10,6,47070000,15700000,15700000,550,0,None,0,,
Defense Fortifications,2,Solid Defense I,10,7,61251100,20417000,20417000,700,0,None,0,,
Defense Fortifications,2,Solid Defense I,10,8,61251100,20417000,20417000,700,0,None,0,,
Defense Fortifications,2,Solid Defense I,10,9,61251100,20417000,20417000,700,0,None,0,,
Defense Fortifications,2,Solid Defense I,10,10,61251100,20417000,20417000,700,0,None,0,B,
Defense Fortifications,3,Defense Fortifications,10,1,33600000,11600000,11600000,400,0,Hold the Line I Lv2; Counter Defense I Lv2; Solid Defense I Lv2,0,B,
Defense Fortifications,3,Defense Fortifications,10,2,33600000,11600000,11600000,400,0,None,0,,
Defense Fortifications,3,Defense Fortifications,10,3,33600000,11600000,11600000,400,0,None,0,,
Defense Fortifications,3,Defense Fortifications,10,4,47070000,15700000,15700000,550,0,None,0,,
Defense Fortifications,3,Defense Fortifications,10,5,47070000,15700000,15700000,550,0,None,0,B,
Defense Fortifications,3,Defense Fortifications,10,6,47070000,15700000,15700000,550,0,None,0,,
Defense Fortifications,3,Defense Fortifications,10,7,61251100,20417000,20417000,700,0,None,0,,
Defense Fortifications,3,Defense Fortifications,10,8,61251100,20417000,20417000,700,0,None,0,,
Defense Fortifications,3,Defense Fortifications,10,9,61251100,20417000,20417000,700,0,None,0,,
Defense Fortifications,3,Defense Fortifications,10,10,61251100,20417000,20417000,700,0,None,0,B,
Defense Fortifications,4,Infirmary Expansion I,10,1,61251100,20417000,20417000,700,0,Defense Fortifications Lv7,0,B,More hospital capacity
Defense Fortifications,4,Infirmary Expansion I,10,2,61251100,20417000,20417000,700,0,None,0,,
Defense Fortifications,4,Infirmary Expansion I,10,3,61251100,20417000,20417000,700,0,None,0,,
Defense Fortifications,4,Infirmary Expansion I,10,4,76563900,25521300,25521300,900,0,None,0,,
Defense Fortifications,4,Infirmary Expansion I,10,5,76563900,25521300,25521300,900,0,None,0,,
Defense Fortifications,4,Infirmary Expansion I,10,6,76563900,25521300,25521300,900,0,None,0,,
Defense Fortifications,4,Infirmary Expansion I,10,7,95704900,31901600,31901600,1100,0,None,0,,
Defense Fortifications,4,Infirmary Expansion I,10,8,95704900,31901600,31901600,1100,0,None,0,,
Defense Fortifications,4,Infirmary Expansion I,10,9,95704900,31901600,31901600,1100,0,None,0,,
Defense Fortifications,4,Infirmary Expansion I,10,10,95704900,31901600,31901600,1100,0,None,0,B,
Defense Fortifications,4,Efficient Healing,10,1,61251100,20417000,20417000,700,0,Defense Fortifications Lv7,0,B,Healing speed
Defense Fortifications,4,Efficient Healing,10,2,61251100,20417000,20417000,700,0,None,0,,
Defense Fortifications,4,Efficient Healing,10,3,61251100,20417000,20417000,700,0,None,0,,
Defense Fortifications,4,Efficient Healing,10,4,76563900,25521300,25521300,900,0,None,0,,
Defense Fortifications,4,Efficient Healing,10,5,76563900,25521300,25521300,900,0,None,0,,
Defense Fortifications,4,Efficient Healing,10,6,76563900,25521300,25521300,900,0,None,0,,
Defense Fortifications,4,Efficient Healing,10,7,95704900,31901600,31901600,1100,0,None,0,,
Defense Fortifications,4,Efficient Healing,10,8,95704900,31901600,31901600,1100,0,None,0,,
Defense Fortifications,4,Efficient Healing,10,9,95704900,31901600,31901600,1100,0,None,0,,
Defense Fortifications,4,Efficient Healing,10,10,95704900,31901600,31901600,1100,0,None,0,B,
Defense Fortifications,5,Hold the Line II,10,1,61251100,20417000,20417000,700,0,Infirmary Expansion I Lv1; Efficient Healing Lv1,0,C,
Defense Fortifications,5,Hold the Line II,10,2,61251100,20417000,20417000,700,0,None,0,,
Defense Fortifications,5,Hold the Line II,10,3,61251100,20417000,20417000,700,0,None,0,,
Defense Fortifications,5,Hold the Line II,10,4,76563900,25521300,25521300,900,0,None,0,,
Defense Fortifications,5,Hold the Line II,10,5,76563900,25521300,25521300,900,0,None,0,,
Defense Fortifications,5,Hold the Line II,10,6,76563900,25521300,25521300,900,0,None,0,,
Defense Fortifications,5,Hold the Line II,10,7,95704900,31901600,31901600,1100,0,None,0,,
Defense Fortifications,5,Hold the Line II,10,8,95704900,31901600,31901600,1100,0,None,0,,
Defense Fortifications,5,Hold the Line II,10,9,95704900,31901600,31901600,1100,0,None,0,,
Defense Fortifications,5,Hold the Line II,10,10,95704900,31901600,31901600,1100,0,None,0,,
Defense Fortifications,5,Counter Defense II,10,1,61251100,20417000,20417000,700,0,Infirmary Expansion I Lv1; Efficient Healing Lv1,0,C,
Defense Fortifications,5,Counter Defense II,10,2,61251100,20417000,20417000,700,0,None,0,,
Defense Fortifications,5,Counter Defense II,10,3,61251100,20417000,20417000,700,0,None,0,,
Defense Fortifications,5,Counter Defense II,10,4,76563900,25521300,25521300,900,0,None,0,,
Defense Fortifications,5,Counter Defense II,10,5,76563900,25521300,25521300,900,0,None,0,,
Defense Fortifications,5,Counter Defense II,10,6,76563900,25521300,25521300,900,0,None,0,,
Defense Fortifications,5,Counter Defense II,10,7,95704900,31901600,31901600,1100,0,None,0,,
Defense Fortifications,5,Counter Defense II,10,8,95704900,31901600,31901600,1100,0,None,0,,
Defense Fortifications,5,Counter Defense II,10,9,95704900,31901600,31901600,1100,0,None,0,,
Defense Fortifications,5,Counter Defense II,10,10,95704900,31901600,31901600,1100,0,None,0,,
Defense Fortifications,5,Solid Defense II,10,1,61251100,20417000,20417000,700,0,Infirmary Expansion I Lv1; Efficient Healing Lv1,0,C,
Defense Fortifications,5,Solid Defense II,10,2,61251100,20417000,20417000,700,0,None,0,,
Defense Fortifications,5,Solid Defense II,10,3,61251100,20417000,20417000,700,0,None,0,,
Defense Fortifications,5,Solid Defense II,10,4,76563900,25521300,25521300,900,0,None,0,,
Defense Fortifications,5,Solid Defense II,10,5,76563900,25521300,25521300,900,0,None,0,,
Defense Fortifications,5,Solid Defense II,10,6,76563900,25521300,25521300,900,0,None,0,,
Defense Fortifications,5,Solid Defense II,10,7,95704900,31901600,31901600,1100,0,None,0,,
Defense Fortifications,5,Solid Defense II,10,8,95704900,31901600,31901600,1100,0,None,0,,
Defense Fortifications,5,Solid Defense II,10,9,95704900,31901600,31901600,1100,0,None,0,,
Defense Fortifications,5,Solid Defense II,10,10,95704900,31901600,31901600,1100,0,None,0,,
Defense Fortifications,6,Resource Protection,10,1,76563900,25521300,25521300,900,0,Hold the Line II Lv6; Counter Defense II Lv6; Solid Defense II Lv6,0,C,
Defense Fortifications,6,Resource Protection,10,2,76563900,25521300,25521300,900,0,None,0,,
Defense Fortifications,6,Resource Protection,10,3,76563900,25521300,25521300,900,0,None,0,,
Defense Fortifications,6,Resource Protection,10,4,95704900,31901600,31901600,1100,0,None,0,,
Defense Fortifications,6,Resource Protection,10,5,95704900,31901600,31901600,1100,0,None,0,,
Defense Fortifications,6,Resource Protection,10,6,95704900,31901600,31901600,1100,0,None,0,,
Defense Fortifications,6,Resource Protection,10,7,227777700,75925900,75925900,2550,0,None,0,,
Defense Fortifications,6,Resource Protection,10,8,227777700,75925900,75925900,2550,0,None,0,,
Defense Fortifications,6,Resource Protection,10,9,227777700,75925900,75925900,2550,0,None,0,,
Defense Fortifications,6,Resource Protection,10,10,227777700,75925900,75925900,2550,0,None,0,D,
Defense Fortifications,7,Rapid March I,10,1,76563900,25521300,25521300,900,0,Resource Protection Lv1,0,C,Confirmed by cpt-hedge (costs TBD)
Defense Fortifications,7,Rapid March I,10,2,76563900,25521300,25521300,900,0,None,0,,
Defense Fortifications,7,Rapid March I,10,3,76563900,25521300,25521300,900,0,None,0,,
Defense Fortifications,7,Rapid March I,10,4,95704900,31901600,31901600,1100,0,None,0,,
Defense Fortifications,7,Rapid March I,10,5,95704900,31901600,31901600,1100,0,None,0,,
Defense Fortifications,7,Rapid March I,10,6,95704900,31901600,31901600,1100,0,None,0,,
Defense Fortifications,7,Rapid March I,10,7,227777700,75925900,75925900,2550,0,None,0,,
Defense Fortifications,7,Rapid March I,10,8,227777700,75925900,75925900,2550,0,None,0,,
Defense Fortifications,7,Rapid March I,10,9,227777700,75925900,75925900,2550,0,None,0,,
Defense Fortifications,7,Rapid March I,10,10,227777700,75925900,75925900,2550,0,None,0,C,
Defense Fortifications,8,Hold the Line III,10,1,95704900,31901600,31901600,1100,0,Rapid March I Lv4,0,D,Confirmed by cpt-hedge (costs TBD)
Defense Fortifications,8,Hold the Line III,10,2,95704900,31901600,31901600,1100,0,None,0,,
Defense Fortifications,8,Hold the Line III,10,3,95704900,31901600,31901600,1100,0,None,0,,
Defense Fortifications,8,Hold the Line III,10,4,162698400,54232800,54232800,1850,0,None,0,,
Defense Fortifications,8,Hold the Line III,10,5,162698400,54232800,54232800,1850,0,None,0,,
Defense Fortifications,8,Hold the Line III,10,6,162698400,54232800,54232800,1850,0,None,0,,
Defense Fortifications,8,Hold the Line III,10,7,227777700,75925900,75925900,2550,0,None,0,,
Defense Fortifications,8,Hold the Line III,10,8,227777700,75925900,75925900,2550,0,None,0,,
Defense Fortifications,8,Hold the Line III,10,9,227777700,75925900,75925900,2550,0,None,0,,
Defense Fortifications,8,Hold the Line III,10,10,227777700,75925900,75925900,2550,0,None,0,D,
Defense Fortifications,8,Counter Defense III,10,1,95704900,31901600,31901600,1100,0,Rapid March I Lv4,0,D,Confirmed by cpt-hedge (costs TBD)
Defense Fortifications,8,Counter Defense III,10,2,95704900,31901600,31901600,1100,0,None,0,,
Defense Fortifications,8,Counter Defense III,10,3,95704900,31901600,31901600,1100,0,None,0,,
Defense Fortifications,8,Counter Defense III,10,4,162698400,54232800,54232800,1850,0,None,0,,
Defense Fortifications,8,Counter Defense III,10,5,162698400,54232800,54232800,1850,0,None,0,,
Defense Fortifications,8,Counter Defense III,10,6,162698400,54232800,54232800,1850,0,None,0,,
Defense Fortifications,8,Counter Defense III,10,7,227777700,75925900,75925900,2550,0,None,0,,
Defense Fortifications,8,Counter Defense III,10,8,227777700,75925900,75925900,2550,0,None,0,,
Defense Fortifications,8,Counter Defense III,10,9,227777700,75925900,75925900,2550,0,None,0,,
Defense Fortifications,8,Counter Defense III,10,10,227777700,75925900,75925900,2550,0,None,0,D,
Defense Fortifications,8,Solid Defense III,10,1,95704900,31901600,31901600,1100,0,Rapid March I Lv4,0,D,Confirmed by cpt-hedge (costs TBD)
Defense Fortifications,8,Solid Defense III,10,2,95704900,31901600,31901600,1100,0,None,0,,
Defense Fortifications,8,Solid Defense III,10,3,95704900,31901600,31901600,1100,0,None,0,,
Defense Fortifications,8,Solid Defense III,10,4,162698400,54232800,54232800,1850,0,None,0,,
Defense Fortifications,8,Solid Defense III,10,5,162698400,54232800,54232800,1850,0,None,0,,
Defense Fortifications,8,Solid Defense III,10,6,162698400,54232800,54232800,1850,0,None,0,,
Defense Fortifications,8,Solid Defense III,10,7,227777700,75925900,75925900,2550,0,None,0,,
Defense Fortifications,8,Solid Defense III,10,8,227777700,75925900,75925900,2550,0,None,0,,
Defense Fortifications,8,Solid Defense III,10,9,227777700,75925900,75925900,2550,0,None,0,,
Defense Fortifications,8,Solid Defense III,10,10,227777700,75925900,75925900,2550,0,None,0,D,
Defense Fortifications,9,Survival Skills,10,1,95704900,31901600,31901600,1100,0,Hold the Line III Lv1; Counter Defense III Lv1; Solid Defense III Lv1,0,D,
Defense Fortifications,9,Survival Skills,10,2,95704900,31901600,31901600,1100,0,None,0,,
Defense Fortifications,9,Survival Skills,10,3,95704900,31901600,31901600,1100,0,None,0,,
Defense Fortifications,9,Survival Skills,10,4,162698400,54232800,54232800,1850,0,None,0,,
Defense Fortifications,9,Survival Skills,10,5,162698400,54232800,54232800,1850,0,None,0,,
Defense Fortifications,9,Survival Skills,10,6,162698400,54232800,54232800,1850,0,None,0,,
Defense Fortifications,9,Survival Skills,10,7,227777700,75925900,75925900,2550,0,None,0,,
Defense Fortifications,9,Survival Skills,10,8,227777700,75925900,75925900,2550,0,None,0,,
Defense Fortifications,9,Survival Skills,10,9,227777700,75925900,75925900,2550,0,None,0,,
Defense Fortifications,9,Survival Skills,10,10,227777700,75925900,75925900,2550,0,None,0,,
Siege to Seize,1,Power Boost I,10,1,33654500,11100000,11100000,400,0,None,0,D,Siege to Seize tree
Siege to Seize,1,Power Boost I,10,2,33654500,11100000,11100000,400,0,None,0,,
Siege to Seize,1,Power Boost I,10,3,33600000,11600000,11600000,400,0,None,0,,
Siege to Seize,1,Power Boost I,10,4,47070000,15700000,15700000,550,0,None,0,,
Siege to Seize,1,Power Boost I,10,5,47070000,15700000,15700000,550,0,None,0,D,
Siege to Seize,1,Power Boost I,10,6,47070000,15700000,15700000,550,0,None,0,,
Siege to Seize,1,Power Boost I,10,7,61251100,20417000,20417000,700,0,None,0,,
Siege to Seize,1,Power Boost I,10,8,61251100,20417000,20417000,700,0,None,0,,
Siege to Seize,1,Power Boost I,10,9,61251100,20417000,20417000,700,0,None,0,,
Siege to Seize,1,Power Boost I,10,10,61251100,20417000,20417000,700,0,None,0,D,
Siege to Seize,2,Final Stand I,10,1,33600000,11600000,11600000,400,0,Power Boost I Lv1,0,D,
Siege to Seize,2,Final Stand I,10,2,33600000,11600000,11600000,400,0,None,0,,
Siege to Seize,2,Final Stand I,10,3,33600000,11600000,11600000,400,0,None,0,,
Siege to Seize,2,Final Stand I,10,4,47070000,15700000,15700000,550,0,None,0,,
Siege to Seize,2,Final Stand I,10,5,47070000,15700000,15700000,550,0,None,0,,
Siege to Seize,2,Final Stand I,10,6,47070000,15700000,15700000,550,0,None,0,,
Siege to Seize,2,Final Stand I,10,7,61251100,20417000,20417000,700,0,None,0,,
Siege to Seize,2,Final Stand I,10,8,61251100,20417000,20417000,700,0,None,0,,
Siege to Seize,2,Final Stand I,10,9,61251100,20417000,20417000,700,0,None,0,,
Siege to Seize,2,Final Stand I,10,10,61251100,20417000,20417000,700,0,None,0,,
Siege to Seize,2,Fierce Assault I,10,1,33600000,11600000,11600000,400,0,Power Boost I Lv1,0,D,
Siege to Seize,2,Fierce Assault I,10,2,33600000,11600000,11600000,400,0,None,0,,
Siege to Seize,2,Fierce Assault I,10,3,33600000,11600000,11600000,400,0,None,0,,
Siege to Seize,2,Fierce Assault I,10,4,47070000,15700000,15700000,550,0,None,0,,
Siege to Seize,2,Fierce Assault I,10,5,47070000,15700000,15700000,550,0,None,0,,
Siege to Seize,2,Fierce Assault I,10,6,47070000,15700000,15700000,550,0,None,0,,
Siege to Seize,2,Fierce Assault I,10,7,61251100,20417000,20417000,700,0,None,0,,
Siege to Seize,2,Fierce Assault I,10,8,61251100,20417000,20417000,700,0,None,0,,
Siege to Seize,2,Fierce Assault I,10,9,61251100,20417000,20417000,700,0,None,0,,
Siege to Seize,2,Fierce Assault I,10,10,61251100,20417000,20417000,700,0,None,0,,
Siege to Seize,2,Vigilant Formation I,10,1,33600000,11600000,11600000,400,0,Power Boost I Lv1,0,D,
Siege to Seize,2,Vigilant Formation I,10,2,33600000,11600000,11600000,400,0,None,0,,
Siege to Seize,2,Vigilant Formation I,10,3,33600000,11600000,11600000,400,0,None,0,,
Siege to Seize,2,Vigilant Formation I,10,4,47070000,15700000,15700000,550,0,None,0,,
Siege to Seize,2,Vigilant Formation I,10,5,47070000,15700000,15700000,550,0,None,0,,
Siege to Seize,2,Vigilant Formation I,10,6,47070000,15700000,15700000,550,0,None,0,,
Siege to Seize,2,Vigilant Formation I,10,7,61251100,20417000,20417000,700,0,None,0,,
Siege to Seize,2,Vigilant Formation I,10,8,61251100,20417000,20417000,700,0,None,0,,
Siege to Seize,2,Vigilant Formation I,10,9,61251100,20417000,20417000,700,0,None,0,,
Siege to Seize,2,Vigilant Formation I,10,10,61251100,20417000,20417000,700,0,None,0,,
Siege to Seize,3,Extra Drill Ground,1,1,61251100,20417000,20417000,700,0,Final Stand I Lv10; Fierce Assault I Lv10; Vigilant Formation I Lv10,0,D,
Siege to Seize,4,Barrack Expansion I,10,1,61251100,20417000,20417000,700,0,Extra Drill Ground Lv1,0,D,
Siege to Seize,4,Barrack Expansion I,10,2,61251100,20417000,20417000,700,0,None,0,,
Siege to Seize,4,Barrack Expansion I,10,3,61251100,20417000,20417000,700,0,None,0,,
Siege to Seize,4,Barrack Expansion I,10,4,76563900,25521300,25521300,900,0,None,0,,
Siege to Seize,4,Barrack Expansion I,10,5,76563900,25521300,25521300,900,0,None,0,,
Siege to Seize,4,Barrack Expansion I,10,6,76563900,25521300,25521300,900,0,None,0,,
Siege to Seize,4,Barrack Expansion I,10,7,95704900,31901600,31901600,1100,0,None,0,,
Siege to Seize,4,Barrack Expansion I,10,8,95704900,31901600,31901600,1100,0,None,0,,
Siege to Seize,4,Barrack Expansion I,10,9,95704900,31901600,31901600,1100,0,None,0,,
Siege to Seize,4,Barrack Expansion I,10,10,95704900,31901600,31901600,1100,0,None,0,,
Siege to Seize,4,Focused Training I,10,1,61251100,20417000,20417000,700,0,Extra Drill Ground Lv1,0,D,
Siege to Seize,4,Focused Training I,10,2,61251100,20417000,20417000,700,0,None,0,,
Siege to Seize,4,Focused Training I,10,3,61251100,20417000,20417000,700,0,None,0,,
Siege to Seize,4,Focused Training I,10,4,76563900,25521300,25521300,900,0,None,0,,
Siege to Seize,4,Focused Training I,10,5,76563900,25521300,25521300,900,0,None,0,,
Siege to Seize,4,Focused Training I,10,6,76563900,25521300,25521300,900,0,None,0,,
Siege to Seize,4,Focused Training I,10,7,95704900,31901600,31901600,1100,0,None,0,,
Siege to Seize,4,Focused Training I,10,8,95704900,31901600,31901600,1100,0,None,0,,
Siege to Seize,4,Focused Training I,10,9,95704900,31901600,31901600,1100,0,None,0,,
Siege to Seize,4,Focused Training I,10,10,95704900,31901600,31901600,1100,0,None,0,,
Siege to Seize,5,Final Stand II,10,1,61251100,20417000,20417000,700,0,Barrack Expansion I Lv1; Focused Training I Lv1,0,,
Siege to Seize,5,Final Stand II,10,2,61251100,20417000,20417000,700,0,None,0,,
Siege to Seize,5,Final Stand II,10,3,61251100,20417000,20417000,700,0,None,0,,
Siege to Seize,5,Final Stand II,10,4,76563900,25521300,25521300,900,0,None,0,,
Siege to Seize,5,Final Stand II,10,5,76563900,25521300,25521300,900,0,None,0,,
Siege to Seize,5,Final Stand II,10,6,76563900,25521300,25521300,900,0,None,0,,
Siege to Seize,5,Final Stand II,10,7,95704900,31901600,31901600,1100,0,None,0,,
Siege to Seize,5,Final Stand II,10,8,95704900,31901600,31901600,1100,0,None,0,,
Siege to Seize,5,Final Stand II,10,9,95704900,31901600,31901600,1100,0,None,0,,
Siege to Seize,5,Final Stand II,10,10,95704900,31901600,31901600,1100,0,None,0,,
Siege to Seize,5,Fierce Assault II,10,1,61251100,20417000,20417000,700,0,Barrack Expansion I Lv1; Focused Training I Lv1,0,,
Siege to Seize,5,Fierce Assault II,10,2,61251100,20417000,20417000,700,0,None,0,,
Siege to Seize,5,Fierce Assault II,10,3,61251100,20417000,20417000,700,0,None,0,,
Siege to Seize,5,Fierce Assault II,10,4,76563900,25521300,25521300,900,0,None,0,,
Siege to Seize,5,Fierce Assault II,10,5,76563900,25521300,25521300,900,0,None,0,,
Siege to Seize,5,Fierce Assault II,10,6,76563900,25521300,25521300,900,0,None,0,,
Siege to Seize,5,Fierce Assault II,10,7,95704900,31901600,31901600,1100,0,None,0,,
Siege to Seize,5,Fierce Assault II,10,8,95704900,31901600,31901600,1100,0,None,0,,
Siege to Seize,5,Fierce Assault II,10,9,95704900,31901600,31901600,1100,0,None,0,,
Siege to Seize,5,Fierce Assault II,10,10,95704900,31901600,31901600,1100,0,None,0,,
Siege to Seize,5,Vigilant Formation II,10,1,61251100,20417000,20417000,700,0,Barrack Expansion I Lv1; Focused Training I Lv1,0,,
Siege to Seize,5,Vigilant Formation II,10,2,61251100,20417000,20417000,700,0,None,0,,
Siege to Seize,5,Vigilant Formation II,10,3,61251100,20417000,20417000,700,0,None,0,,
Siege to Seize,5,Vigilant Formation II,10,4,76563900,25521300,25521300,900,0,None,0,,
Siege to Seize,5,Vigilant Formation II,10,5,76563900,25521300,25521300,900,0,None,0,,
Siege to Seize,5,Vigilant Formation II,10,6,76563900,25521300,25521300,900,0,None,0,,
Siege to Seize,5,Vigilant Formation II,10,7,95704900,31901600,31901600,1100,0,None,0,,
Siege to Seize,5,Vigilant Formation II,10,8,95704900,31901600,31901600,1100,0,None,0,,
Siege to Seize,5,Vigilant Formation II,10,9,95704900,31901600,31901600,1100,0,None,0,,
Siege to Seize,5,Vigilant Formation II,10,10,95704900,31901600,31901600,1100,0,None,0,,
Siege to Seize,6,Drill Ground Expansion,10,1,76563900,25521300,25521300,900,0,Final Stand II Lv6; Fierce Assault II Lv6; Vigilant Formation II Lv6,0,,
Siege to Seize,6,Drill Ground Expansion,10,2,76563900,25521300,25521300,900,0,None,0,,
Siege to Seize,6,Drill Ground Expansion,10,3,76563900,25521300,25521300,900,0,None,0,,
Siege to Seize,6,Drill Ground Expansion,10,4,95704900,31901600,31901600,1100,0,None,0,,
Siege to Seize,6,Drill Ground Expansion,10,5,95704900,31901600,31901600,1100,0,None,0,,
Siege to Seize,6,Drill Ground Expansion,10,6,95704900,31901600,31901600,1100,0,None,0,,
Siege to Seize,6,Drill Ground Expansion,10,7,162698400,54232800,54232800,1850,0,None,0,,
Siege to Seize,6,Drill Ground Expansion,10,8,162698400,54232800,54232800,1850,0,None,0,,
Siege to Seize,6,Drill Ground Expansion,10,9,162698400,54232800,54232800,1850,0,None,0,,
Siege to Seize,6,Drill Ground Expansion,10,10,162698400,54232800,54232800,1850,0,None,0,,
Siege to Seize,7,Rapid March I,10,1,76563900,25521300,25521300,900,0,Drill Ground Expansion Lv1,0,,
Siege to Seize,7,Rapid March I,10,2,76563900,25521300,25521300,900,0,None,0,,
Siege to Seize,7,Rapid March I,10,3,76563900,25521300,25521300,900,0,None,0,,
Siege to Seize,7,Rapid March I,10,4,95704900,31901600,31901600,1100,0,None,0,,
Siege to Seize,7,Rapid March I,10,5,95704900,31901600,31901600,1100,0,None,0,,
Siege to Seize,7,Rapid March I,10,6,95704900,31901600,31901600,1100,0,None,0,,
Siege to Seize,7,Rapid March I,10,7,162698400,54232800,54232800,1850,0,None,0,,
Siege to Seize,7,Rapid March I,10,8,162698400,54232800,54232800,1850,0,None,0,,
Siege to Seize,7,Rapid March I,10,9,162698400,54232800,54232800,1850,0,None,0,,
Siege to Seize,7,Rapid March I,10,10,162698400,54232800,54232800,1850,0,None,0,,
Siege to Seize,8,Final Stand III,10,1,95704900,31901600,31901600,1100,0,Rapid March I Lv6,0,,
Siege to Seize,8,Final Stand III,10,2,95704900,31901600,31901600,1100,0,None,0,,
Siege to Seize,8,Final Stand III,10,3,95704900,31901600,31901600,1100,0,None,0,,
Siege to Seize,8,Final Stand III,10,4,162698400,54232800,54232800,1850,0,None,0,,
Siege to Seize,8,Final Stand III,10,5,162698400,54232800,54232800,1850,0,None,0,,
Siege to Seize,8,Final Stand III,10,6,162698400,54232800,54232800,1850,0,None,0,,
Siege to Seize,8,Final Stand III,10,7,227777700,75925900,75925900,2550,0,None,0,,
Siege to Seize,8,Final Stand III,10,8,227777700,75925900,75925900,2550,0,None,0,,
Siege to Seize,8,Final Stand III,10,9,227777700,75925900,75925900,2550,0,None,0,,
Siege to Seize,8,Final Stand III,10,10,227777700,75925900,75925900,2550,0,None,0,,
Siege to Seize,8,Fierce Assault III,10,1,95704900,31901600,31901600,1100,0,Rapid March I Lv6,0,,
Siege to Seize,8,Fierce Assault III,10,2,95704900,31901600,31901600,1100,0,None,0,,
Siege to Seize,8,Fierce Assault III,10,3,95704900,31901600,31901600,1100,0,None,0,,
Siege to Seize,8,Fierce Assault III,10,4,162698400,54232800,54232800,1850,0,None,0,,
Siege to Seize,8,Fierce Assault III,10,5,162698400,54232800,54232800,1850,0,None,0,,
Siege to Seize,8,Fierce Assault III,10,6,162698400,54232800,54232800,1850,0,None,0,,
Siege to Seize,8,Fierce Assault III,10,7,227777700,75925900,75925900,2550,0,None,0,,
Siege to Seize,8,Fierce Assault III,10,8,227777700,75925900,75925900,2550,0,None,0,,
Siege to Seize,8,Fierce Assault III,10,9,227777700,75925900,75925900,2550,0,None,0,,
Siege to Seize,8,Fierce Assault III,10,10,227777700,75925900,75925900,2550,0,None,0,,
Siege to Seize,8,Vigilant Formation III,10,1,95704900,31901600,31901600,1100,0,Rapid March I Lv6,0,,
Siege to Seize,8,Vigilant Formation III,10,2,95704900,31901600,31901600,1100,0,None,0,,
Siege to Seize,8,Vigilant Formation III,10,3,95704900,31901600,31901600,1100,0,None,0,,
Siege to Seize,8,Vigilant Formation III,10,4,162698400,54232800,54232800,1850,0,None,0,,
Siege to Seize,8,Vigilant Formation III,10,5,162698400,54232800,54232800,1850,0,None,0,,
Siege to Seize,8,Vigilant Formation III,10,6,162698400,54232800,54232800,1850,0,None,0,,
Siege to Seize,8,Vigilant Formation III,10,7,227777700,75925900,75925900,2550,0,None,0,,
Siege to Seize,8,Vigilant Formation III,10,8,227777700,75925900,75925900,2550,0,None,0,,
Siege to Seize,8,Vigilant Formation III,10,9,227777700,75925900,75925900,2550,0,None,0,,
Siege to Seize,8,Vigilant Formation III,10,10,227777700,75925900,75925900,2550,0,None,0,,
Siege to Seize,9,Fatal Strike I,10,1,95704900,31901600,31901600,1100,0,Final Stand III Lv1; Fierce Assault III Lv1; Vigilant Formation III Lv1,0,D,
Siege to Seize,9,Fatal Strike I,10,2,95704900,31901600,31901600,1100,0,None,0,,
Siege to Seize,9,Fatal Strike I,10,3,95704900,31901600,31901600,1100,0,None,0,,
Siege to Seize,9,Fatal Strike I,10,4,162698400,54232800,54232800,1850,0,None,0,,
Siege to Seize,9,Fatal Strike I,10,5,162698400,54232800,54232800,1850,0,None,0,,
Siege to Seize,9,Fatal Strike I,10,6,162698400,54232800,54232800,1850,0,None,0,,
Siege to Seize,9,Fatal Strike I,10,7,227777700,75925900,75925900,2550,0,None,0,,
Siege to Seize,9,Fatal Strike I,10,8,227777700,75925900,75925900,2550,0,None,0,,
Siege to Seize,9,Fatal Strike I,10,9,227777700,75925900,75925900,2550,0,None,0,,
Siege to Seize,9,Fatal Strike I,10,10,227777700,75925900,75925900,2550,0,None,0,,
Squad 3,1,Terminator III,5,1,18670000,6220000,6220000,0,0,None,0,D,Squad 3 - MOST expensive. Low priority
Squad 3,1,Terminator III,5,2,33560000,11110000,11110000,0,0,None,0,,
Squad 3,1,Terminator III,5,3,47110000,15670000,15670000,0,0,None,0,,
Squad 3,1,Terminator III,5,4,61220000,20330000,20330000,0,0,None,0,,
Squad 3,1,Terminator III,5,5,76560000,25440000,25440000,0,0,None,0,,
Squad 3,2,Virus Resistance III,5,1,18670000,6220000,6220000,0,0,Terminator III Lv1,0,,
Squad 3,2,Virus Resistance III,5,2,33560000,11110000,11110000,0,0,None,0,,
Squad 3,2,Virus Resistance III,5,3,47110000,15670000,15670000,0,0,None,0,,
Squad 3,2,Virus Resistance III,5,4,61220000,20330000,20330000,0,0,None,0,,
Squad 3,2,Virus Resistance III,5,5,76560000,25440000,25440000,0,0,None,0,,
Squad 3,3,Assault Training III,5,1,33560000,11110000,11110000,0,0,Virus Resistance III Lv2,0,D,
Squad 3,3,Assault Training III,5,2,47110000,15670000,15670000,0,0,None,0,,
Squad 3,3,Assault Training III,5,3,61220000,20330000,20330000,0,0,None,0,,
Squad 3,3,Assault Training III,5,4,76560000,25440000,25440000,0,0,None,0,,
Squad 3,3,Assault Training III,5,5,95670000,31890000,31890000,0,0,None,0,,
Squad 3,3,Formation Training III,5,1,33560000,11110000,11110000,0,0,Virus Resistance III Lv2,0,,
Squad 3,3,Formation Training III,5,2,47110000,15670000,15670000,0,0,None,0,,
Squad 3,3,Formation Training III,5,3,61220000,20330000,20330000,0,0,None,0,,
Squad 3,3,Formation Training III,5,4,76560000,25440000,25440000,0,0,None,0,,
Squad 3,3,Formation Training III,5,5,95670000,31890000,31890000,0,0,None,0,,
Squad 3,4,Survival Training III,5,1,33560000,11110000,11110000,0,0,Assault Training III Lv2; Formation Training III Lv2,0,,
Squad 3,4,Survival Training III,5,2,47110000,15670000,15670000,0,0,None,0,,
Squad 3,4,Survival Training III,5,3,61220000,20330000,20330000,0,0,None,0,,
Squad 3,4,Survival Training III,5,4,76560000,25440000,25440000,0,0,None,0,,
Squad 3,4,Survival Training III,5,5,95670000,31890000,31890000,0,0,None,0,,
Squad 3,5,Resource Reaper III,5,1,47110000,15670000,15670000,0,0,Survival Training III Lv2,0,D,
Squad 3,5,Resource Reaper III,5,2,61220000,20330000,20330000,0,0,None,0,,
Squad 3,5,Resource Reaper III,5,3,76560000,25440000,25440000,0,0,None,0,,
Squad 3,5,Resource Reaper III,5,4,95670000,31890000,31890000,0,0,None,0,,
Squad 3,5,Resource Reaper III,5,5,0,0,0,0,0,None,0,,COST DATA MISSING
Squad 3,5,Power Boost III,5,1,47110000,15670000,15670000,0,0,Survival Training III Lv2,0,,
Squad 3,5,Power Boost III,5,2,61220000,20330000,20330000,0,0,None,0,,
Squad 3,5,Power Boost III,5,3,76560000,25440000,25440000,0,0,None,0,,
Squad 3,5,Power Boost III,5,4,95670000,31890000,31890000,0,0,None,0,,
Squad 3,5,Power Boost III,5,5,0,0,0,0,0,None,0,,COST DATA MISSING
Squad 3,6,Zombie Radar III,5,1,61220000,20330000,20330000,0,0,Resource Reaper III Lv2; Power Boost III Lv2,0,,
Squad 3,6,Zombie Radar III,5,2,76560000,25440000,25440000,0,0,None,0,,
Squad 3,6,Zombie Radar III,5,3,95670000,31890000,31890000,0,0,None,0,,
Squad 3,6,Zombie Radar III,5,4,162670000,54220000,54220000,0,0,None,0,,
Squad 3,6,Zombie Radar III,5,5,0,0,0,0,0,None,0,,COST DATA MISSING
Squad 3,6,Assault Tactics III,5,1,61220000,20330000,20330000,0,0,Resource Reaper III Lv2; Power Boost III Lv2,0,,
Squad 3,6,Assault Tactics III,5,2,76560000,25440000,25440000,0,0,None,0,,
Squad 3,6,Assault Tactics III,5,3,95670000,31890000,31890000,0,0,None,0,,
Squad 3,6,Assault Tactics III,5,4,162670000,54220000,54220000,0,0,None,0,,
Squad 3,6,Assault Tactics III,5,5,0,0,0,0,0,None,0,,COST DATA MISSING
Squad 3,6,Fast Exploration III,5,1,61220000,20330000,20330000,0,0,Resource Reaper III Lv2; Power Boost III Lv2,0,,
Squad 3,6,Fast Exploration III,5,2,76560000,25440000,25440000,0,0,None,0,,
Squad 3,6,Fast Exploration III,5,3,95670000,31890000,31890000,0,0,None,0,,
Squad 3,6,Fast Exploration III,5,4,162670000,54220000,54220000,0,0,None,0,,
Squad 3,6,Fast Exploration III,5,5,0,0,0,0,0,None,0,,COST DATA MISSING
Squad 3,7,Rapid March III,5,1,61220000,20330000,20330000,0,0,Zombie Radar III Lv1; Assault Tactics III Lv1; Fast Exploration III Lv1,0,,
Squad 3,7,Rapid March III,5,2,76560000,25440000,25440000,0,0,None,0,,
Squad 3,7,Rapid March III,5,3,95670000,31890000,31890000,0,0,None,0,,
Squad 3,7,Rapid March III,5,4,162670000,54220000,54220000,0,0,None,0,,
Squad 3,7,Rapid March III,5,5,227670000,75890000,75890000,0,0,None,0,,
Squad 3,8,Fierce Assault III,5,1,76560000,25440000,25440000,0,0,Rapid March III Lv2,0,D,
Squad 3,8,Fierce Assault III,5,2,95670000,31890000,31890000,0,0,None,0,,
Squad 3,8,Fierce Assault III,5,3,162670000,54220000,54220000,0,0,None,0,,
Squad 3,8,Fierce Assault III,5,4,227670000,75890000,75890000,0,0,None,0,,
Squad 3,8,Fierce Assault III,5,5,296000000,98670000,98670000,0,0,None,0,,
Squad 3,8,Counter Defense III,5,1,76560000,25440000,25440000,0,0,Rapid March III Lv2,0,,
Squad 3,8,Counter Defense III,5,2,95670000,31890000,31890000,0,0,None,0,,
Squad 3,8,Counter Defense III,5,3,162670000,54220000,54220000,0,0,None,0,,
Squad 3,8,Counter Defense III,5,4,227670000,75890000,75890000,0,0,None,0,,
Squad 3,8,Counter Defense III,5,5,296000000,98670000,98670000,0,0,None,0,,
Squad 3,9,Vigilant Formation III,5,1,76560000,25440000,25440000,0,0,Fierce Assault III Lv1,0,,
Squad 3,9,Vigilant Formation III,5,2,95670000,31890000,31890000,0,0,None,0,,
Squad 3,9,Vigilant Formation III,5,3,162670000,54220000,54220000,0,0,None,0,,
Squad 3,9,Vigilant Formation III,5,4,227670000,75890000,75890000,0,0,None,0,,
Squad 3,9,Vigilant Formation III,5,5,296000000,98670000,98670000,0,0,None,0,,
Squad 3,9,Solid Defense III,5,1,76560000,25440000,25440000,0,0,Counter Defense III Lv1,0,,
Squad 3,9,Solid Defense III,5,2,95670000,31890000,31890000,0,0,None,0,,
Squad 3,9,Solid Defense III,5,3,162670000,54220000,54220000,0,0,None,0,,
Squad 3,9,Solid Defense III,5,4,227670000,75890000,75890000,0,0,None,0,,
Squad 3,9,Solid Defense III,5,5,296000000,98670000,98670000,0,0,None,0,,
Squad 3,10,Final Stand III,5,1,76560000,25440000,25440000,0,0,Vigilant Formation III Lv1,0,,
Squad 3,10,Final Stand III,5,2,95670000,31890000,31890000,0,0,None,0,,
Squad 3,10,Final Stand III,5,3,162670000,54220000,54220000,0,0,None,0,,
Squad 3,10,Final Stand III,5,4,227670000,75890000,75890000,0,0,None,0,,
Squad 3,10,Final Stand III,5,5,296000000,98670000,98670000,0,0,None,0,,
Squad 3,10,Hold the Line III,5,1,76560000,25440000,25440000,0,0,Solid Defense III Lv1,0,,
Squad 3,10,Hold the Line III,5,2,95670000,31890000,31890000,0,0,None,0,,
Squad 3,10,Hold the Line III,5,3,162670000,54220000,54220000,0,0,None,0,,
Squad 3,10,Hold the Line III,5,4,227670000,75890000,75890000,0,0,None,0,,
Squad 3,10,Hold the Line III,5,5,296000000,98670000,98670000,0,0,None,0,,
Squad 3,11,Physical Suppression III,5,1,95670000,31890000,31890000,0,0,Final Stand III Lv2; Hold the Line III Lv2,0,,
Squad 3,11,Physical Suppression III,5,2,162670000,54220000,54220000,0,0,None,0,,
Squad 3,11,Physical Suppression III,5,3,227670000,75890000,75890000,0,0,None,0,,
Squad 3,11,Physical Suppression III,5,4,296000000,98670000,98670000,0,0,None,0,,
Squad 3,11,Physical Suppression III,5,5,414440000,138110000,138110000,0,0,None,0,,
Squad 3,11,Energy Barrage III,5,1,95670000,31890000,31890000,0,0,Final Stand III Lv2; Hold the Line III Lv2,0,,
Squad 3,11,Energy Barrage III,5,2,162670000,54220000,54220000,0,0,None,0,,
Squad 3,11,Energy Barrage III,5,3,227670000,75890000,75890000,0,0,None,0,,
Squad 3,11,Energy Barrage III,5,4,296000000,98670000,98670000,0,0,None,0,,
Squad 3,11,Energy Barrage III,5,5,414440000,138110000,138110000,0,0,None,0,,
Squad 3,12,Fatal Strike III,5,1,162670000,54220000,54220000,0,0,Physical Suppression III Lv2; Energy Barrage III Lv2,0,D,Most expensive node in game
Squad 3,12,Fatal Strike III,5,2,227670000,75890000,75890000,0,0,None,0,,
Squad 3,12,Fatal Strike III,5,3,296000000,98670000,98670000,0,0,None,0,,
Squad 3,12,Fatal Strike III,5,4,414440000,138110000,138110000,0,0,None,0,,
Squad 3,12,Fatal Strike III,5,5,580330000,193440000,193440000,0,0,None,0,,
Squad 4,1,Terminator IV,5,1,136700,45600,45600,0,0,None,1,D,Squad 4 = same costs as Squad 1
Squad 4,1,Terminator IV,5,2,218700,72900,72900,0,0,None,0,,
Squad 4,1,Terminator IV,5,3,349900,116600,116600,0,0,None,0,,
Squad 4,1,Terminator IV,5,4,419900,140000,140000,0,0,None,0,,
Squad 4,1,Terminator IV,5,5,1050000,349900,349900,0,0,None,0,,
Squad 4,2,Virus Resistance IV,5,1,136700,45600,45600,0,0,Terminator IV Lv1,0,,
Squad 4,2,Virus Resistance IV,5,2,218700,72900,72900,0,0,None,0,,
Squad 4,2,Virus Resistance IV,5,3,349900,116600,116600,0,0,None,0,,
Squad 4,2,Virus Resistance IV,5,4,419900,140000,140000,0,0,None,0,,
Squad 4,2,Virus Resistance IV,5,5,1050000,349900,349900,0,0,None,0,,
Squad 4,3,Assault Training IV,5,1,218700,72900,72900,0,0,Virus Resistance IV Lv2,0,D,
Squad 4,3,Assault Training IV,5,2,349900,116600,116600,0,0,None,0,,
Squad 4,3,Assault Training IV,5,3,419900,140000,140000,0,0,None,0,,
Squad 4,3,Assault Training IV,5,4,1050000,349900,349900,0,0,None,0,,
Squad 4,3,Assault Training IV,5,5,1780000,594900,594900,0,0,None,0,,
Squad 4,3,Formation Training IV,5,1,218700,72900,72900,0,0,Virus Resistance IV Lv2,0,,
Squad 4,3,Formation Training IV,5,2,349900,116600,116600,0,0,None,0,,
Squad 4,3,Formation Training IV,5,3,419900,140000,140000,0,0,None,0,,
Squad 4,3,Formation Training IV,5,4,1050000,349900,349900,0,0,None,0,,
Squad 4,3,Formation Training IV,5,5,1780000,594900,594900,0,0,None,0,,
Squad 4,4,Survival Training IV,5,1,218700,72900,72900,0,0,Assault Training IV Lv2; Formation Training IV Lv2,0,,
Squad 4,4,Survival Training IV,5,2,349900,116600,116600,0,0,None,0,,
Squad 4,4,Survival Training IV,5,3,419900,140000,140000,0,0,None,0,,
Squad 4,4,Survival Training IV,5,4,1050000,349900,349900,0,0,None,0,,
Squad 4,4,Survival Training IV,5,5,1780000,594900,594900,0,0,None,0,,
Squad 4,5,Resource Reaper IV,5,1,349900,116600,116600,0,0,Survival Training IV Lv2,0,,
Squad 4,5,Resource Reaper IV,5,2,419900,140000,140000,0,0,None,0,,
Squad 4,5,Resource Reaper IV,5,3,1050000,349900,349900,0,0,None,0,,
Squad 4,5,Resource Reaper IV,5,4,1780000,594900,594900,0,0,None,0,,
Squad 4,5,Resource Reaper IV,5,5,1880000,654400,654400,0,0,None,0,,
Squad 4,5,Power Boost IV,5,1,349900,116600,116600,0,0,Survival Training IV Lv2,0,,
Squad 4,5,Power Boost IV,5,2,419900,140000,140000,0,0,None,0,,
Squad 4,5,Power Boost IV,5,3,1050000,349900,349900,0,0,None,0,,
Squad 4,5,Power Boost IV,5,4,1780000,594900,594900,0,0,None,0,,
Squad 4,5,Power Boost IV,5,5,1880000,654400,654400,0,0,None,0,,
Squad 4,6,Zombie Radar IV,5,1,419900,140000,140000,0,0,Resource Reaper IV Lv2; Power Boost IV Lv2,0,,
Squad 4,6,Zombie Radar IV,5,2,1050000,349900,349900,0,0,None,0,,
Squad 4,6,Zombie Radar IV,5,3,1780000,594900,594900,0,0,None,0,,
Squad 4,6,Zombie Radar IV,5,4,1880000,654400,654400,0,0,None,0,,
Squad 4,6,Zombie Radar IV,5,5,2670000,916100,916100,0,0,None,0,,
Squad 4,6,Assault Tactics IV,5,1,419900,140000,140000,0,0,Resource Reaper IV Lv2; Power Boost IV Lv2,0,,
Squad 4,6,Assault Tactics IV,5,2,1050000,349900,349900,0,0,None,0,,
Squad 4,6,Assault Tactics IV,5,3,1780000,594900,594900,0,0,None,0,,
Squad 4,6,Assault Tactics IV,5,4,1880000,654400,654400,0,0,None,0,,
Squad 4,6,Assault Tactics IV,5,5,2670000,916100,916100,0,0,None,0,,
Squad 4,6,Fast Exploration IV,5,1,419900,140000,140000,0,0,Resource Reaper IV Lv2; Power Boost IV Lv2,0,,
Squad 4,6,Fast Exploration IV,5,2,1050000,349900,349900,0,0,None,0,,
Squad 4,6,Fast Exploration IV,5,3,1780000,594900,594900,0,0,None,0,,
Squad 4,6,Fast Exploration IV,5,4,1880000,654400,654400,0,0,None,0,,
Squad 4,6,Fast Exploration IV,5,5,2670000,916100,916100,0,0,None,0,,
Squad 4,7,Rapid March IV,5,1,419900,140000,140000,0,0,Zombie Radar IV Lv1; Assault Tactics IV Lv1; Fast Exploration IV Lv1,0,,
Squad 4,7,Rapid March IV,5,2,1050000,349900,349900,0,0,None,0,,
Squad 4,7,Rapid March IV,5,3,1780000,594900,594900,0,0,None,0,,
Squad 4,7,Rapid March IV,5,4,1880000,654400,654400,0,0,None,0,,
Squad 4,7,Rapid March IV,5,5,2670000,916100,916100,0,0,None,0,,
Squad 4,8,Fierce Assault IV,5,1,1050000,349900,349900,0,0,Rapid March IV Lv2,0,D,
Squad 4,8,Fierce Assault IV,5,2,1780000,594900,594900,0,0,None,0,,
Squad 4,8,Fierce Assault IV,5,3,1880000,654400,654400,0,0,None,0,,
Squad 4,8,Fierce Assault IV,5,4,2670000,916100,916100,0,0,None,0,,
Squad 4,8,Fierce Assault IV,5,5,3780000,1220000,1220000,0,0,None,0,,
Squad 4,8,Counter Defense IV,5,1,1050000,349900,349900,0,0,Rapid March IV Lv2,0,,
Squad 4,8,Counter Defense IV,5,2,1780000,594900,594900,0,0,None,0,,
Squad 4,8,Counter Defense IV,5,3,1880000,654400,654400,0,0,None,0,,
Squad 4,8,Counter Defense IV,5,4,2670000,916100,916100,0,0,None,0,,
Squad 4,8,Counter Defense IV,5,5,3780000,1220000,1220000,0,0,None,0,,
Squad 4,9,Vigilant Formation IV,5,1,1050000,349900,349900,0,0,Fierce Assault IV Lv1,0,,
Squad 4,9,Vigilant Formation IV,5,2,1780000,594900,594900,0,0,None,0,,
Squad 4,9,Vigilant Formation IV,5,3,1880000,654400,654400,0,0,None,0,,
Squad 4,9,Vigilant Formation IV,5,4,2670000,916100,916100,0,0,None,0,,
Squad 4,9,Vigilant Formation IV,5,5,3780000,1220000,1220000,0,0,None,0,,
Squad 4,9,Solid Defense IV,5,1,1050000,349900,349900,0,0,Counter Defense IV Lv1,0,,
Squad 4,9,Solid Defense IV,5,2,1780000,594900,594900,0,0,None,0,,
Squad 4,9,Solid Defense IV,5,3,1880000,654400,654400,0,0,None,0,,
Squad 4,9,Solid Defense IV,5,4,2670000,916100,916100,0,0,None,0,,
Squad 4,9,Solid Defense IV,5,5,3780000,1220000,1220000,0,0,None,0,,
Squad 4,10,Final Stand IV,5,1,1050000,349900,349900,0,0,Vigilant Formation IV Lv1,0,,
Squad 4,10,Final Stand IV,5,2,1780000,594900,594900,0,0,None,0,,
Squad 4,10,Final Stand IV,5,3,1880000,654400,654400,0,0,None,0,,
Squad 4,10,Final Stand IV,5,4,2670000,916100,916100,0,0,None,0,,
Squad 4,10,Final Stand IV,5,5,3780000,1220000,1220000,0,0,None,0,,
Squad 4,10,Hold the Line IV,5,1,1050000,349900,349900,0,0,Solid Defense IV Lv1,0,,
Squad 4,10,Hold the Line IV,5,2,1780000,594900,594900,0,0,None,0,,
Squad 4,10,Hold the Line IV,5,3,1880000,654400,654400,0,0,None,0,,
Squad 4,10,Hold the Line IV,5,4,2670000,916100,916100,0,0,None,0,,
Squad 4,10,Hold the Line IV,5,5,3780000,1220000,1220000,0,0,None,0,,
Squad 4,11,Physical Suppression IV,5,1,1780000,594900,594900,0,0,Final Stand IV Lv2; Hold the Line IV Lv2,0,,
Squad 4,11,Physical Suppression IV,5,2,1880000,654400,654400,0,0,None,0,,
Squad 4,11,Physical Suppression IV,5,3,2670000,916100,916100,0,0,None,0,,
Squad 4,11,Physical Suppression IV,5,4,3780000,1220000,1220000,0,0,None,0,,
Squad 4,11,Physical Suppression IV,5,5,6780000,2220000,2220000,0,0,None,0,,
Squad 4,11,Energy Barrage IV,5,1,1780000,594900,594900,0,0,Final Stand IV Lv2; Hold the Line IV Lv2,0,,
Squad 4,11,Energy Barrage IV,5,2,1880000,654400,654400,0,0,None,0,,
Squad 4,11,Energy Barrage IV,5,3,2670000,916100,916100,0,0,None,0,,
Squad 4,11,Energy Barrage IV,5,4,3780000,1220000,1220000,0,0,None,0,,
Squad 4,11,Energy Barrage IV,5,5,6780000,2220000,2220000,0,0,None,0,,
Squad 4,12,Fatal Strike IV,5,1,1880000,654400,654400,0,0,Physical Suppression IV Lv2; Energy Barrage IV Lv2,0,D,
Squad 4,12,Fatal Strike IV,5,2,2670000,916100,916100,0,0,None,0,,
Squad 4,12,Fatal Strike IV,5,3,3780000,1220000,1220000,0,0,None,0,,
Squad 4,12,Fatal Strike IV,5,4,6780000,2220000,2220000,0,0,None,0,,
Squad 4,12,Fatal Strike IV,5,5,8890000,2890000,2890000,0,0,None,0,,
Economy,0,Food Output I,5,1,0,0,0,0,0,,1,C,Player-reported data (no community costs available)
Economy,0,Food Output I,5,5,0,0,0,0,0,,1,C,MAX
Economy,0,Iron Output I,5,1,0,0,0,0,0,,1,C,
Economy,0,Iron Output I,5,5,0,0,0,0,0,,1,C,MAX
Economy,0,Coin Output I,5,1,0,0,0,0,0,,1,C,
Economy,0,Coin Output I,5,5,0,0,0,0,0,,1,C,MAX
Economy,0,Gathering Food I,5,1,0,0,0,0,0,,1,C,
Economy,0,Gathering Food I,5,5,0,0,0,0,0,,1,C,MAX
Economy,0,Gathering Iron I,5,1,0,0,0,0,0,,1,C,
Economy,0,Gathering Iron I,5,5,0,0,0,0,0,,1,C,MAX
Economy,0,Gathering Coins I,5,1,0,0,0,0,0,,1,C,
Economy,0,Gathering Coins I,5,5,0,0,0,0,0,,1,C,MAX
Economy,0,Food Output II,5,1,0,0,0,0,0,,1,C,
Economy,0,Food Output II,5,5,0,0,0,0,0,,1,C,MAX
Economy,0,Iron Output II,5,1,0,0,0,0,0,,1,C,
Economy,0,Iron Output II,5,5,0,0,0,0,0,,1,C,MAX
Economy,0,Coin Output II,5,1,0,0,0,0,0,,1,C,
Economy,0,Coin Output II,5,4,0,0,0,0,0,,1,C,
Economy,0,Coin Output II,5,5,0,0,0,0,0,,0,C,1 level remaining
Economy,0,Gathering Food II,5,1,0,0,0,0,0,,1,C,
Economy,0,Gathering Food II,5,2,0,0,0,0,0,,1,C,
Economy,0,Gathering Food II,5,3,0,0,0,0,0,,0,C,3 levels remaining
Economy,0,Gathering Iron II,5,1,0,0,0,0,0,,1,C,
Economy,0,Gathering Iron II,5,2,0,0,0,0,0,,1,C,
Economy,0,Gathering Iron II,5,3,0,0,0,0,0,,0,C,3 levels remaining
Economy,0,Gathering Coins II,5,1,0,0,0,0,0,,1,C,
Economy,0,Gathering Coins II,5,2,0,0,0,0,0,,1,C,
Economy,0,Gathering Coins II,5,3,0,0,0,0,0,,0,C,3 levels remaining
Economy,0,More Iron Mines,5,1,0,0,0,0,0,,1,C,MAX - unlocks extra iron mines
Economy,0,Food Output III,5,1,0,0,0,0,0,,1,D,
Economy,0,Food Output III,5,2,0,0,0,0,0,,0,D,4 levels remaining
Economy,0,Coin Output III,5,1,0,0,0,0,0,,0,D,Pattern-confirmed node
Economy,0,Coin Output III,5,5,0,0,0,0,0,,0,D,
Economy,0,Iron Output III,5,1,0,0,0,0,0,,1,D,
Economy,0,Iron Output III,5,2,0,0,0,0,0,,0,D,4 levels remaining
Economy,0,Gathering Food III,5,1,0,0,0,0,0,,1,D,
Economy,0,Gathering Food III,5,2,0,0,0,0,0,,0,D,4 levels remaining
Economy,0,Gathering Iron III,5,1,0,0,0,0,0,,1,D,
Economy,0,Gathering Iron III,5,2,0,0,0,0,0,,0,D,4 levels remaining
Economy,0,Gathering Coins III,5,1,0,0,0,0,0,,1,D,
Economy,0,Gathering Coins III,5,2,0,0,0,0,0,,0,D,4 levels remaining
Economy,0,More Gold Mines,5,1,0,0,0,0,0,,1,D,MAX - unlocks extra gold mines
Economy,0,Food Output IV,5,1,0,0,0,0,0,,0,D,LOCKED - grayed out
Economy,0,Iron Output IV,5,1,0,0,0,0,0,,0,D,LOCKED - grayed out
Units,0,Load Training I,5,1,0,0,0,0,0,,1,B,Player-reported data (no community costs available)
Units,0,Load Training I,5,5,0,0,0,0,0,,1,B,MAX
Units,0,Weapon Training I,5,1,0,0,0,0,0,,1,B,Troop ATK boost
Units,0,Weapon Training I,5,5,0,0,0,0,0,,1,B,MAX
Units,0,Defense Training I,5,1,0,0,0,0,0,,1,B,Troop DEF boost
Units,0,Defense Training I,5,5,0,0,0,0,0,,1,B,MAX
Units,0,Load Training II,5,1,0,0,0,0,0,,1,B,
Units,0,Load Training II,5,5,0,0,0,0,0,,1,B,MAX
Units,0,Weapon Training II,5,1,0,0,0,0,0,,1,B,
Units,0,Weapon Training II,5,5,0,0,0,0,0,,1,B,MAX
Units,0,Defense Training II,5,1,0,0,0,0,0,,1,B,
Units,0,Defense Training II,5,5,0,0,0,0,0,,1,B,MAX
Units,0,Load Training III,5,1,0,0,0,0,0,,1,B,
Units,0,Load Training III,5,5,0,0,0,0,0,,1,B,MAX
Units,0,Weapon Training III,5,1,0,0,0,0,0,,1,B,
Units,0,Weapon Training III,5,5,0,0,0,0,0,,1,B,MAX
Units,0,Defense Training III,5,1,0,0,0,0,0,,1,B,
Units,0,Defense Training III,5,5,0,0,0,0,0,,1,B,MAX
Units,0,Weapon Training IV,5,1,0,0,0,0,0,,1,B,
Units,0,Weapon Training IV,5,4,0,0,0,0,0,,1,B,4/5
Units,0,Weapon Training IV,5,5,0,0,0,0,0,,0,B,1 level remaining
Units,0,Defense Training IV,5,1,0,0,0,0,0,,1,B,
Units,0,Defense Training IV,5,2,0,0,0,0,0,,1,B,2/5
Units,0,Defense Training IV,5,5,0,0,0,0,0,,0,B,3 levels remaining
Units,0,Load Training IV,5,1,0,0,0,0,0,,0,B,Boost load capacity for units (not yet started?)
Intercity Truck,1,Basic Goods,5,1,45000000,15000000,15000000,750,0,None,1,,
Intercity Truck,1,Basic Goods,5,2,45000000,15000000,15000000,750,0,None,0,,
Intercity Truck,1,Basic Goods,5,3,45000000,15000000,15000000,750,0,None,0,,
Intercity Truck,1,Basic Goods,5,4,45000000,15000000,15000000,750,0,None,0,,
Intercity Truck,1,Basic Goods,5,5,45000000,15000000,15000000,750,0,None,0,,
Intercity Truck,2,Attack Boost,10,1,52800000,17600000,17600000,880,0,Basic Goods Lv1,0,,
Intercity Truck,2,Attack Boost,10,2,52800000,17600000,17600000,880,0,Basic Goods Lv2,0,,
Intercity Truck,2,Attack Boost,10,3,52800000,17600000,17600000,880,0,Basic Goods Lv3,0,,
Intercity Truck,2,Attack Boost,10,4,52800000,17600000,17600000,880,0,Basic Goods Lv4,0,,
Intercity Truck,2,Attack Boost,10,5,52800000,17600000,17600000,880,0,Basic Goods Lv5,0,,
Intercity Truck,2,Attack Boost,10,6,60000000,20000000,20000000,1000,0,Basic Goods Lv5,0,,
Intercity Truck,2,Attack Boost,10,7,60000000,20000000,20000000,1000,0,Basic Goods Lv5,0,,
Intercity Truck,2,Attack Boost,10,8,60000000,20000000,20000000,1000,0,Basic Goods Lv5,0,,
Intercity Truck,2,Attack Boost,10,9,60000000,20000000,20000000,1000,0,Basic Goods Lv5,0,,
Intercity Truck,2,Attack Boost,10,10,60000000,20000000,20000000,1000,0,Basic Goods Lv5,0,,
Intercity Truck,2,Defense Boost,10,1,52800000,17600000,17600000,880,0,Basic Goods Lv1,0,,
Intercity Truck,2,Defense Boost,10,2,52800000,17600000,17600000,880,0,Basic Goods Lv2,0,,
Intercity Truck,2,Defense Boost,10,3,52800000,17600000,17600000,880,0,Basic Goods Lv3,0,,
Intercity Truck,2,Defense Boost,10,4,52800000,17600000,17600000,880,0,Basic Goods Lv4,0,,
Intercity Truck,2,Defense Boost,10,5,52800000,17600000,17600000,880,0,Basic Goods Lv5,0,,
Intercity Truck,2,Defense Boost,10,6,60000000,20000000,20000000,1000,0,Basic Goods Lv5,0,,
Intercity Truck,2,Defense Boost,10,7,60000000,20000000,20000000,1000,0,Basic Goods Lv5,0,,
Intercity Truck,2,Defense Boost,10,8,60000000,20000000,20000000,1000,0,Basic Goods Lv5,0,,
Intercity Truck,2,Defense Boost,10,9,60000000,20000000,20000000,1000,0,Basic Goods Lv5,0,,
Intercity Truck,2,Defense Boost,10,10,60000000,20000000,20000000,1000,0,Basic Goods Lv5,0,,
Intercity Truck,3,Rapid Transit,5,1,52800000,17600000,17600000,880,0,Attack Boost Lv1; Defense Boost Lv1,0,,
Intercity Truck,3,Rapid Transit,5,2,52800000,17600000,17600000,880,0,Attack Boost Lv2; Defense Boost Lv2,0,,
Intercity Truck,3,Rapid Transit,5,3,52800000,17600000,17600000,880,0,Attack Boost Lv3; Defense Boost Lv3,0,,
Intercity Truck,3,Rapid Transit,5,4,52800000,17600000,17600000,880,0,Attack Boost Lv4; Defense Boost Lv4,0,,
Intercity Truck,3,Rapid Transit,5,5,52800000,17600000,17600000,880,0,Attack Boost Lv5; Defense Boost Lv5,0,,
Intercity Truck,4,Plunder,5,1,60000000,20000000,20000000,1000,0,Rapid Transit Lv1,0,,
Intercity Truck,4,Plunder,5,2,60000000,20000000,20000000,1000,0,Rapid Transit Lv2,0,,
Intercity Truck,4,Plunder,5,3,60000000,20000000,20000000,1000,0,Rapid Transit Lv3,0,,
Intercity Truck,4,Plunder,5,4,60000000,20000000,20000000,1000,0,Rapid Transit Lv4,0,,
Intercity Truck,4,Plunder,5,5,60000000,20000000,20000000,1000,0,Rapid Transit Lv5,0,,
Intercity Truck,4,Lucky,5,1,60000000,20000000,20000000,1000,0,Rapid Transit Lv1,0,,
Intercity Truck,4,Lucky,5,2,60000000,20000000,20000000,1000,0,Rapid Transit Lv2,0,,
Intercity Truck,4,Lucky,5,3,60000000,20000000,20000000,1000,0,Rapid Transit Lv3,0,,
Intercity Truck,4,Lucky,5,4,60000000,20000000,20000000,1000,0,Rapid Transit Lv4,0,,
Intercity Truck,4,Lucky,5,5,60000000,20000000,20000000,1000,0,Rapid Transit Lv5,0,,
Intercity Truck,5,Extra Truck,1,1,300000000,100000000,100000000,5000,0,Plunder Lv5; Lucky Lv5,0,,
Intercity Truck,6,Ultimate Guard,1,1,1200000000,400000000,400000000,20000,0,Extra Truck Lv1,0,,
Intercity Truck,6,Reindeer Sleigh Ride,1,1,1200000000,400000000,400000000,20000,0,Extra Truck Lv1,0,,
Tank Mastery,1,Tank Synergy - HP I,10,1,65000000,21660000,21660000,1500,0,None,0,,
Tank Mastery,1,Tank Synergy - HP I,10,2,65000000,21660000,21660000,1500,0,None,0,,
Tank Mastery,1,Tank Synergy - HP I,10,3,91050000,30280000,30280000,1690,0,None,0,,
Tank Mastery,1,Tank Synergy - HP I,10,4,91050000,30280000,30280000,1690,0,None,0,,
Tank Mastery,1,Tank Synergy - HP I,10,5,118444400,39481500,39481500,1880,0,None,0,,
Tank Mastery,1,Tank Synergy - HP I,10,6,118444400,39481500,39481500,1880,0,None,0,,
Tank Mastery,1,Tank Synergy - HP I,10,7,165822200,55274100,55274100,2070,0,None,0,,
Tank Mastery,1,Tank Synergy - HP I,10,8,165822200,55274100,55274100,2070,0,None,0,,
Tank Mastery,1,Tank Synergy - HP I,10,9,232151000,77383700,77383700,2250,0,None,0,,
Tank Mastery,1,Tank Synergy - HP I,10,10,232151000,77383700,77383700,2250,0,None,0,,
Tank Mastery,1,Tank Synergy - Attack I,10,1,65000000,21660000,21660000,1500,0,None,0,,
Tank Mastery,1,Tank Synergy - Attack I,10,2,65000000,21660000,21660000,1500,0,None,0,,
Tank Mastery,1,Tank Synergy - Attack I,10,3,91050000,30280000,30280000,1690,0,None,0,,
Tank Mastery,1,Tank Synergy - Attack I,10,4,91050000,30280000,30280000,1690,0,None,0,,
Tank Mastery,1,Tank Synergy - Attack I,10,5,118444400,39481500,39481500,1880,0,None,0,,
Tank Mastery,1,Tank Synergy - Attack I,10,6,118444400,39481500,39481500,1880,0,None,0,,
Tank Mastery,1,Tank Synergy - Attack I,10,7,165822200,55274100,55274100,2070,0,None,0,,
Tank Mastery,1,Tank Synergy - Attack I,10,8,165822200,55274100,55274100,2070,0,None,0,,
Tank Mastery,1,Tank Synergy - Attack I,10,9,232151000,77383700,77383700,2250,0,None,0,,
Tank Mastery,1,Tank Synergy - Attack I,10,10,232151000,77383700,77383700,2250,0,None,0,,
Tank Mastery,1,Tank Synergy - Defense I,10,1,65000000,21660000,21660000,1500,0,None,0,,
Tank Mastery,1,Tank Synergy - Defense I,10,2,65000000,21660000,21660000,1500,0,None,0,,
Tank Mastery,1,Tank Synergy - Defense I,10,3,91050000,30280000,30280000,1690,0,None,0,,
Tank Mastery,1,Tank Synergy - Defense I,10,4,91050000,30280000,30280000,1690,0,None,0,,
Tank Mastery,1,Tank Synergy - Defense I,10,5,118444400,39481500,39481500,1880,0,None,0,,
Tank Mastery,1,Tank Synergy - Defense I,10,6,118444400,39481500,39481500,1880,0,None,0,,
Tank Mastery,1,Tank Synergy - Defense I,10,7,165822200,55274100,55274100,2070,0,None,0,,
Tank Mastery,1,Tank Synergy - Defense I,10,8,165822200,55274100,55274100,2070,0,None,0,,
Tank Mastery,1,Tank Synergy - Defense I,10,9,232151000,77383700,77383700,2250,0,None,0,,
Tank Mastery,1,Tank Synergy - Defense I,10,10,232151000,77383700,77383700,2250,0,None,0,,
Tank Mastery,2,Tank Synergy - Damage I,5,1,65000000,21660000,21660000,1500,0,tank-synergy-hp-1 Lv.2; tank-synergy-attack-1 Lv.2; tank-synergy-defense-1 Lv.2,0,,
Tank Mastery,2,Tank Synergy - Damage I,5,2,91050000,30280000,30280000,1690,0,tank-synergy-hp-1 Lv.2; tank-synergy-attack-1 Lv.2; tank-synergy-defense-1 Lv.2,0,,
Tank Mastery,2,Tank Synergy - Damage I,5,3,118444400,39481500,39481500,1880,0,tank-synergy-hp-1 Lv.2; tank-synergy-attack-1 Lv.2; tank-synergy-defense-1 Lv.2,0,,
Tank Mastery,2,Tank Synergy - Damage I,5,4,165822200,55274100,55274100,2070,0,tank-synergy-hp-1 Lv.2; tank-synergy-attack-1 Lv.2; tank-synergy-defense-1 Lv.2,0,,
Tank Mastery,2,Tank Synergy - Damage I,5,5,232151000,77383700,77383700,2250,0,tank-synergy-hp-1 Lv.2; tank-synergy-attack-1 Lv.2; tank-synergy-defense-1 Lv.2,0,,
Tank Mastery,3,Tank - March Size I,5,1,65000000,21660000,21660000,1500,0,tank-synergy-damage-1 Lv.1,0,,
Tank Mastery,3,Tank - March Size I,5,2,91050000,30280000,30280000,1690,0,tank-synergy-damage-1 Lv.1,0,,
Tank Mastery,3,Tank - March Size I,5,3,118444400,39481500,39481500,1880,0,tank-synergy-damage-1 Lv.1,0,,
Tank Mastery,3,Tank - March Size I,5,4,165822200,55274100,55274100,2070,0,tank-synergy-damage-1 Lv.1,0,,
Tank Mastery,3,Tank - March Size I,5,5,232151000,77383700,77383700,2250,0,tank-synergy-damage-1 Lv.1,0,,
Tank Mastery,4,Tank - HP I,10,1,65000000,21660000,21660000,1500,0,tank-march-size-1 Lv.1,0,,
Tank Mastery,4,Tank - HP I,10,2,65000000,21660000,21660000,1500,0,tank-march-size-1 Lv.1,0,,
Tank Mastery,4,Tank - HP I,10,3,91050000,30280000,30280000,1690,0,tank-march-size-1 Lv.1,0,,
Tank Mastery,4,Tank - HP I,10,4,91050000,30280000,30280000,1690,0,tank-march-size-1 Lv.1,0,,
Tank Mastery,4,Tank - HP I,10,5,118444400,39481500,39481500,1880,0,tank-march-size-1 Lv.1,0,,
Tank Mastery,4,Tank - HP I,10,6,118444400,39481500,39481500,1880,0,tank-march-size-1 Lv.1,0,,
Tank Mastery,4,Tank - HP I,10,7,165822200,55274100,55274100,2070,0,tank-march-size-1 Lv.1,0,,
Tank Mastery,4,Tank - HP I,10,8,165822200,55274100,55274100,2070,0,tank-march-size-1 Lv.1,0,,
Tank Mastery,4,Tank - HP I,10,9,232151000,77383700,77383700,2250,0,tank-march-size-1 Lv.1,0,,
Tank Mastery,4,Tank - HP I,10,10,232151000,77383700,77383700,2250,0,tank-march-size-1 Lv.1,0,,
Tank Mastery,4,Tank - Attack I,10,1,65000000,21660000,21660000,1500,0,tank-march-size-1 Lv.1,0,,
Tank Mastery,4,Tank - Attack I,10,2,65000000,21660000,21660000,1500,0,tank-march-size-1 Lv.1,0,,
Tank Mastery,4,Tank - Attack I,10,3,91050000,30280000,30280000,1690,0,tank-march-size-1 Lv.1,0,,
Tank Mastery,4,Tank - Attack I,10,4,91050000,30280000,30280000,1690,0,tank-march-size-1 Lv.1,0,,
Tank Mastery,4,Tank - Attack I,10,5,118444400,39481500,39481500,1880,0,tank-march-size-1 Lv.1,0,,
Tank Mastery,4,Tank - Attack I,10,6,118444400,39481500,39481500,1880,0,tank-march-size-1 Lv.1,0,,
Tank Mastery,4,Tank - Attack I,10,7,165822200,55274100,55274100,2070,0,tank-march-size-1 Lv.1,0,,
Tank Mastery,4,Tank - Attack I,10,8,165822200,55274100,55274100,2070,0,tank-march-size-1 Lv.1,0,,
Tank Mastery,4,Tank - Attack I,10,9,232151000,77383700,77383700,2250,0,tank-march-size-1 Lv.1,0,,
Tank Mastery,4,Tank - Attack I,10,10,232151000,77383700,77383700,2250,0,tank-march-size-1 Lv.1,0,,
Tank Mastery,4,Tank - Defense I,10,1,65000000,21660000,21660000,1500,0,tank-march-size-1 Lv.1,0,,
Tank Mastery,4,Tank - Defense I,10,2,65000000,21660000,21660000,1500,0,tank-march-size-1 Lv.1,0,,
Tank Mastery,4,Tank - Defense I,10,3,91050000,30280000,30280000,1690,0,tank-march-size-1 Lv.1,0,,
Tank Mastery,4,Tank - Defense I,10,4,91050000,30280000,30280000,1690,0,tank-march-size-1 Lv.1,0,,
Tank Mastery,4,Tank - Defense I,10,5,118444400,39481500,39481500,1880,0,tank-march-size-1 Lv.1,0,,
Tank Mastery,4,Tank - Defense I,10,6,118444400,39481500,39481500,1880,0,tank-march-size-1 Lv.1,0,,
Tank Mastery,4,Tank - Defense I,10,7,165822200,55274100,55274100,2070,0,tank-march-size-1 Lv.1,0,,
Tank Mastery,4,Tank - Defense I,10,8,165822200,55274100,55274100,2070,0,tank-march-size-1 Lv.1,0,,
Tank Mastery,4,Tank - Defense I,10,9,232151000,77383700,77383700,2250,0,tank-march-size-1 Lv.1,0,,
Tank Mastery,4,Tank - Defense I,10,10,232151000,77383700,77383700,2250,0,tank-march-size-1 Lv.1,0,,
Tank Mastery,5,Tank - Damage I,5,1,65000000,21660000,21660000,1500,0,tank-hp-1 Lv.2; tank-attack-1 Lv.2; tank-defense-1 Lv.2,0,,
Tank Mastery,5,Tank - Damage I,5,2,91050000,30280000,30280000,1690,0,tank-hp-1 Lv.2; tank-attack-1 Lv.2; tank-defense-1 Lv.2,0,,
Tank Mastery,5,Tank - Damage I,5,3,118444400,39481500,39481500,1880,0,tank-hp-1 Lv.2; tank-attack-1 Lv.2; tank-defense-1 Lv.2,0,,
Tank Mastery,5,Tank - Damage I,5,4,165822200,55274100,55274100,2070,0,tank-hp-1 Lv.2; tank-attack-1 Lv.2; tank-defense-1 Lv.2,0,,
Tank Mastery,5,Tank - Damage I,5,5,232151000,77383700,77383700,2250,0,tank-hp-1 Lv.2; tank-attack-1 Lv.2; tank-defense-1 Lv.2,0,,
Tank Mastery,6,Tank - Ultimate Defense I,10,1,65000000,21660000,21660000,1500,0,tank-damage-1 Lv.1,0,,
Tank Mastery,6,Tank - Ultimate Defense I,10,2,65000000,21660000,21660000,1500,0,tank-damage-1 Lv.1,0,,
Tank Mastery,6,Tank - Ultimate Defense I,10,3,91050000,30280000,30280000,1690,0,tank-damage-1 Lv.1,0,,
Tank Mastery,6,Tank - Ultimate Defense I,10,4,91050000,30280000,30280000,1690,0,tank-damage-1 Lv.1,0,,
Tank Mastery,6,Tank - Ultimate Defense I,10,5,118444400,39481500,39481500,1880,0,tank-damage-1 Lv.1,0,,
Tank Mastery,6,Tank - Ultimate Defense I,10,6,118444400,39481500,39481500,1880,0,tank-damage-1 Lv.1,0,,
Tank Mastery,6,Tank - Ultimate Defense I,10,7,165822200,55274100,55274100,2070,0,tank-damage-1 Lv.1,0,,
Tank Mastery,6,Tank - Ultimate Defense I,10,8,165822200,55274100,55274100,2070,0,tank-damage-1 Lv.1,0,,
Tank Mastery,6,Tank - Ultimate Defense I,10,9,232151000,77383700,77383700,2250,0,tank-damage-1 Lv.1,0,,
Tank Mastery,6,Tank - Ultimate Defense I,10,10,232151000,77383700,77383700,2250,0,tank-damage-1 Lv.1,0,,
Tank Mastery,7,Tank Synergy - HP II,10,1,65000000,21660000,21660000,1500,0,None,0,,
Tank Mastery,7,Tank Synergy - HP II,10,2,65000000,21660000,21660000,1500,0,None,0,,
Tank Mastery,7,Tank Synergy - HP II,10,3,91050000,30280000,30280000,1690,0,None,0,,
Tank Mastery,7,Tank Synergy - HP II,10,4,91050000,30280000,30280000,1690,0,None,0,,
Tank Mastery,7,Tank Synergy - HP II,10,5,118444400,39481500,39481500,1880,0,None,0,,
Tank Mastery,7,Tank Synergy - HP II,10,6,118444400,39481500,39481500,1880,0,None,0,,
Tank Mastery,7,Tank Synergy - HP II,10,7,165822200,55274100,55274100,2070,0,None,0,,
Tank Mastery,7,Tank Synergy - HP II,10,8,165822200,55274100,55274100,2070,0,None,0,,
Tank Mastery,7,Tank Synergy - HP II,10,9,232151000,77383700,77383700,2250,0,None,0,,
Tank Mastery,7,Tank Synergy - HP II,10,10,232151000,77383700,77383700,2250,0,None,0,,
Tank Mastery,7,Tank Synergy - Attack II,10,1,65000000,21660000,21660000,1500,0,None,0,,
Tank Mastery,7,Tank Synergy - Attack II,10,2,65000000,21660000,21660000,1500,0,None,0,,
Tank Mastery,7,Tank Synergy - Attack II,10,3,91050000,30280000,30280000,1690,0,None,0,,
Tank Mastery,7,Tank Synergy - Attack II,10,4,91050000,30280000,30280000,1690,0,None,0,,
Tank Mastery,7,Tank Synergy - Attack II,10,5,118444400,39481500,39481500,1880,0,None,0,,
Tank Mastery,7,Tank Synergy - Attack II,10,6,118444400,39481500,39481500,1880,0,None,0,,
Tank Mastery,7,Tank Synergy - Attack II,10,7,165822200,55274100,55274100,2070,0,None,0,,
Tank Mastery,7,Tank Synergy - Attack II,10,8,165822200,55274100,55274100,2070,0,None,0,,
Tank Mastery,7,Tank Synergy - Attack II,10,9,232151000,77383700,77383700,2250,0,None,0,,
Tank Mastery,7,Tank Synergy - Attack II,10,10,232151000,77383700,77383700,2250,0,None,0,,
Tank Mastery,7,Tank Synergy - Defense II,10,1,65000000,21660000,21660000,1500,0,None,0,,
Tank Mastery,7,Tank Synergy - Defense II,10,2,65000000,21660000,21660000,1500,0,None,0,,
Tank Mastery,7,Tank Synergy - Defense II,10,3,91050000,30280000,30280000,1690,0,None,0,,
Tank Mastery,7,Tank Synergy - Defense II,10,4,91050000,30280000,30280000,1690,0,None,0,,
Tank Mastery,7,Tank Synergy - Defense II,10,5,118444400,39481500,39481500,1880,0,None,0,,
Tank Mastery,7,Tank Synergy - Defense II,10,6,118444400,39481500,39481500,1880,0,None,0,,
Tank Mastery,7,Tank Synergy - Defense II,10,7,165822200,55274100,55274100,2070,0,None,0,,
Tank Mastery,7,Tank Synergy - Defense II,10,8,165822200,55274100,55274100,2070,0,None,0,,
Tank Mastery,7,Tank Synergy - Defense II,10,9,232151000,77383700,77383700,2250,0,None,0,,
Tank Mastery,7,Tank Synergy - Defense II,10,10,232151000,77383700,77383700,2250,0,None,0,,
Tank Mastery,8,Tank Synergy - Damage II,5,1,65000000,21660000,21660000,1500,0,tank-synergy-hp-2 Lv.2; tank-synergy-attack-2 Lv.2; tank-synergy-defense-2 Lv.2,0,,
Tank Mastery,8,Tank Synergy - Damage II,5,2,91050000,30280000,30280000,1690,0,tank-synergy-hp-2 Lv.2; tank-synergy-attack-2 Lv.2; tank-synergy-defense-2 Lv.2,0,,
Tank Mastery,8,Tank Synergy - Damage II,5,3,118444400,39481500,39481500,1880,0,tank-synergy-hp-2 Lv.2; tank-synergy-attack-2 Lv.2; tank-synergy-defense-2 Lv.2,0,,
Tank Mastery,8,Tank Synergy - Damage II,5,4,165822200,55274100,55274100,2070,0,tank-synergy-hp-2 Lv.2; tank-synergy-attack-2 Lv.2; tank-synergy-defense-2 Lv.2,0,,
Tank Mastery,8,Tank Synergy - Damage II,5,5,232151000,77383700,77383700,2250,0,tank-synergy-hp-2 Lv.2; tank-synergy-attack-2 Lv.2; tank-synergy-defense-2 Lv.2,0,,
Tank Mastery,9,Tank - March Size II,5,1,65000000,21660000,21660000,1500,0,tank-synergy-damage-2 Lv.1,0,,
Tank Mastery,9,Tank - March Size II,5,2,91050000,30280000,30280000,1690,0,tank-synergy-damage-2 Lv.1,0,,
Tank Mastery,9,Tank - March Size II,5,3,118444400,39481500,39481500,1880,0,tank-synergy-damage-2 Lv.1,0,,
Tank Mastery,9,Tank - March Size II,5,4,165822200,55274100,55274100,2070,0,tank-synergy-damage-2 Lv.1,0,,
Tank Mastery,9,Tank - March Size II,5,5,232151000,77383700,77383700,2250,0,tank-synergy-damage-2 Lv.1,0,,
Tank Mastery,10,Tank - HP II,10,1,65000000,21660000,21660000,1500,0,tank-march-size-2 Lv.1,0,,
Tank Mastery,10,Tank - HP II,10,2,65000000,21660000,21660000,1500,0,tank-march-size-2 Lv.1,0,,
Tank Mastery,10,Tank - HP II,10,3,91050000,30280000,30280000,1690,0,tank-march-size-2 Lv.1,0,,
Tank Mastery,10,Tank - HP II,10,4,91050000,30280000,30280000,1690,0,tank-march-size-2 Lv.1,0,,
Tank Mastery,10,Tank - HP II,10,5,118444400,39481500,39481500,1880,0,tank-march-size-2 Lv.1,0,,
Tank Mastery,10,Tank - HP II,10,6,118444400,39481500,39481500,1880,0,tank-march-size-2 Lv.1,0,,
Tank Mastery,10,Tank - HP II,10,7,165822200,55274100,55274100,2070,0,tank-march-size-2 Lv.1,0,,
Tank Mastery,10,Tank - HP II,10,8,165822200,55274100,55274100,2070,0,tank-march-size-2 Lv.1,0,,
Tank Mastery,10,Tank - HP II,10,9,232151000,77383700,77383700,2250,0,tank-march-size-2 Lv.1,0,,
Tank Mastery,10,Tank - HP II,10,10,232151000,77383700,77383700,2250,0,tank-march-size-2 Lv.1,0,,
Tank Mastery,10,Tank - Attack II,10,1,65000000,21660000,21660000,1500,0,tank-march-size-2 Lv.1,0,,
Tank Mastery,10,Tank - Attack II,10,2,65000000,21660000,21660000,1500,0,tank-march-size-2 Lv.1,0,,
Tank Mastery,10,Tank - Attack II,10,3,91050000,30280000,30280000,1690,0,tank-march-size-2 Lv.1,0,,
Tank Mastery,10,Tank - Attack II,10,4,91050000,30280000,30280000,1690,0,tank-march-size-2 Lv.1,0,,
Tank Mastery,10,Tank - Attack II,10,5,118444400,39481500,39481500,1880,0,tank-march-size-2 Lv.1,0,,
Tank Mastery,10,Tank - Attack II,10,6,118444400,39481500,39481500,1880,0,tank-march-size-2 Lv.1,0,,
Tank Mastery,10,Tank - Attack II,10,7,165822200,55274100,55274100,2070,0,tank-march-size-2 Lv.1,0,,
Tank Mastery,10,Tank - Attack II,10,8,165822200,55274100,55274100,2070,0,tank-march-size-2 Lv.1,0,,
Tank Mastery,10,Tank - Attack II,10,9,232151000,77383700,77383700,2250,0,tank-march-size-2 Lv.1,0,,
Tank Mastery,10,Tank - Attack II,10,10,232151000,77383700,77383700,2250,0,tank-march-size-2 Lv.1,0,,
Tank Mastery,10,Tank - Defense II,10,1,65000000,21660000,21660000,1500,0,tank-march-size-2 Lv.1,0,,
Tank Mastery,10,Tank - Defense II,10,2,65000000,21660000,21660000,1500,0,tank-march-size-2 Lv.1,0,,
Tank Mastery,10,Tank - Defense II,10,3,91050000,30280000,30280000,1690,0,tank-march-size-2 Lv.1,0,,
Tank Mastery,10,Tank - Defense II,10,4,91050000,30280000,30280000,1690,0,tank-march-size-2 Lv.1,0,,
Tank Mastery,10,Tank - Defense II,10,5,118444400,39481500,39481500,1880,0,tank-march-size-2 Lv.1,0,,
Tank Mastery,10,Tank - Defense II,10,6,118444400,39481500,39481500,1880,0,tank-march-size-2 Lv.1,0,,
Tank Mastery,10,Tank - Defense II,10,7,165822200,55274100,55274100,2070,0,tank-march-size-2 Lv.1,0,,
Tank Mastery,10,Tank - Defense II,10,8,165822200,55274100,55274100,2070,0,tank-march-size-2 Lv.1,0,,
Tank Mastery,10,Tank - Defense II,10,9,232151000,77383700,77383700,2250,0,tank-march-size-2 Lv.1,0,,
Tank Mastery,10,Tank - Defense II,10,10,232151000,77383700,77383700,2250,0,tank-march-size-2 Lv.1,0,,
Tank Mastery,11,Tank - Damage II,5,1,65000000,21660000,21660000,1500,0,tank-hp-2 Lv.2; tank-attack-2 Lv.2; tank-defense-2 Lv.2,0,,
Tank Mastery,11,Tank - Damage II,5,2,91050000,30280000,30280000,1690,0,tank-hp-2 Lv.2; tank-attack-2 Lv.2; tank-defense-2 Lv.2,0,,
Tank Mastery,11,Tank - Damage II,5,3,118444400,39481500,39481500,1880,0,tank-hp-2 Lv.2; tank-attack-2 Lv.2; tank-defense-2 Lv.2,0,,
Tank Mastery,11,Tank - Damage II,5,4,165822200,55274100,55274100,2070,0,tank-hp-2 Lv.2; tank-attack-2 Lv.2; tank-defense-2 Lv.2,0,,
Tank Mastery,11,Tank - Damage II,5,5,232151000,77383700,77383700,2250,0,tank-hp-2 Lv.2; tank-attack-2 Lv.2; tank-defense-2 Lv.2,0,,
Tank Mastery,12,Tank - Ultimate Defense II,10,1,65000000,21660000,21660000,1500,0,tank-damage-2 Lv.1,0,,
Tank Mastery,12,Tank - Ultimate Defense II,10,2,65000000,21660000,21660000,1500,0,tank-damage-2 Lv.1,0,,
Tank Mastery,12,Tank - Ultimate Defense II,10,3,91050000,30280000,30280000,1690,0,tank-damage-2 Lv.1,0,,
Tank Mastery,12,Tank - Ultimate Defense II,10,4,91050000,30280000,30280000,1690,0,tank-damage-2 Lv.1,0,,
Tank Mastery,12,Tank - Ultimate Defense II,10,5,118444400,39481500,39481500,1880,0,tank-damage-2 Lv.1,0,,
Tank Mastery,12,Tank - Ultimate Defense II,10,6,118444400,39481500,39481500,1880,0,tank-damage-2 Lv.1,0,,
Tank Mastery,12,Tank - Ultimate Defense II,10,7,165822200,55274100,55274100,2070,0,tank-damage-2 Lv.1,0,,
Tank Mastery,12,Tank - Ultimate Defense II,10,8,165822200,55274100,55274100,2070,0,tank-damage-2 Lv.1,0,,
Tank Mastery,12,Tank - Ultimate Defense II,10,9,232151000,77383700,77383700,2250,0,tank-damage-2 Lv.1,0,,
Tank Mastery,12,Tank - Ultimate Defense II,10,10,232151000,77383700,77383700,2250,0,tank-damage-2 Lv.1,0,,
Aircraft Mastery,1,Aircraft Synergy - HP I,10,1,65000000,21660000,21660000,1500,0,None,0,,
Aircraft Mastery,1,Aircraft Synergy - HP I,10,2,65000000,21660000,21660000,1500,0,None,0,,
Aircraft Mastery,1,Aircraft Synergy - HP I,10,3,91050000,30280000,30280000,1690,0,None,0,,
Aircraft Mastery,1,Aircraft Synergy - HP I,10,4,91050000,30280000,30280000,1690,0,None,0,,
Aircraft Mastery,1,Aircraft Synergy - HP I,10,5,118444400,39481500,39481500,1880,0,None,0,,
Aircraft Mastery,1,Aircraft Synergy - HP I,10,6,118444400,39481500,39481500,1880,0,None,0,,
Aircraft Mastery,1,Aircraft Synergy - HP I,10,7,165822200,55274100,55274100,2070,0,None,0,,
Aircraft Mastery,1,Aircraft Synergy - HP I,10,8,165822200,55274100,55274100,2070,0,None,0,,
Aircraft Mastery,1,Aircraft Synergy - HP I,10,9,232151000,77383700,77383700,2250,0,None,0,,
Aircraft Mastery,1,Aircraft Synergy - HP I,10,10,232151000,77383700,77383700,2250,0,None,0,,
Aircraft Mastery,1,Aircraft Synergy - Attack I,10,1,65000000,21660000,21660000,1500,0,None,0,,
Aircraft Mastery,1,Aircraft Synergy - Attack I,10,2,65000000,21660000,21660000,1500,0,None,0,,
Aircraft Mastery,1,Aircraft Synergy - Attack I,10,3,91050000,30280000,30280000,1690,0,None,0,,
Aircraft Mastery,1,Aircraft Synergy - Attack I,10,4,91050000,30280000,30280000,1690,0,None,0,,
Aircraft Mastery,1,Aircraft Synergy - Attack I,10,5,118444400,39481500,39481500,1880,0,None,0,,
Aircraft Mastery,1,Aircraft Synergy - Attack I,10,6,118444400,39481500,39481500,1880,0,None,0,,
Aircraft Mastery,1,Aircraft Synergy - Attack I,10,7,165822200,55274100,55274100,2070,0,None,0,,
Aircraft Mastery,1,Aircraft Synergy - Attack I,10,8,165822200,55274100,55274100,2070,0,None,0,,
Aircraft Mastery,1,Aircraft Synergy - Attack I,10,9,232151000,77383700,77383700,2250,0,None,0,,
Aircraft Mastery,1,Aircraft Synergy - Attack I,10,10,232151000,77383700,77383700,2250,0,None,0,,
Aircraft Mastery,1,Aircraft Synergy - Defense I,10,1,65000000,21660000,21660000,1500,0,None,0,,
Aircraft Mastery,1,Aircraft Synergy - Defense I,10,2,65000000,21660000,21660000,1500,0,None,0,,
Aircraft Mastery,1,Aircraft Synergy - Defense I,10,3,91050000,30280000,30280000,1690,0,None,0,,
Aircraft Mastery,1,Aircraft Synergy - Defense I,10,4,91050000,30280000,30280000,1690,0,None,0,,
Aircraft Mastery,1,Aircraft Synergy - Defense I,10,5,118444400,39481500,39481500,1880,0,None,0,,
Aircraft Mastery,1,Aircraft Synergy - Defense I,10,6,118444400,39481500,39481500,1880,0,None,0,,
Aircraft Mastery,1,Aircraft Synergy - Defense I,10,7,165822200,55274100,55274100,2070,0,None,0,,
Aircraft Mastery,1,Aircraft Synergy - Defense I,10,8,165822200,55274100,55274100,2070,0,None,0,,
Aircraft Mastery,1,Aircraft Synergy - Defense I,10,9,232151000,77383700,77383700,2250,0,None,0,,
Aircraft Mastery,1,Aircraft Synergy - Defense I,10,10,232151000,77383700,77383700,2250,0,None,0,,
Aircraft Mastery,2,Aircraft Synergy - Damage I,5,1,65000000,21660000,21660000,1500,0,aircraft-synergy-hp-1 Lv.2; aircraft-synergy-attack-1 Lv.2; aircraft-synergy-defense-1 Lv.2,0,,
Aircraft Mastery,2,Aircraft Synergy - Damage I,5,2,91050000,30280000,30280000,1690,0,aircraft-synergy-hp-1 Lv.2; aircraft-synergy-attack-1 Lv.2; aircraft-synergy-defense-1 Lv.2,0,,
Aircraft Mastery,2,Aircraft Synergy - Damage I,5,3,118444400,39481500,39481500,1880,0,aircraft-synergy-hp-1 Lv.2; aircraft-synergy-attack-1 Lv.2; aircraft-synergy-defense-1 Lv.2,0,,
Aircraft Mastery,2,Aircraft Synergy - Damage I,5,4,165822200,55274100,55274100,2070,0,aircraft-synergy-hp-1 Lv.2; aircraft-synergy-attack-1 Lv.2; aircraft-synergy-defense-1 Lv.2,0,,
Aircraft Mastery,2,Aircraft Synergy - Damage I,5,5,232151000,77383700,77383700,2250,0,aircraft-synergy-hp-1 Lv.2; aircraft-synergy-attack-1 Lv.2; aircraft-synergy-defense-1 Lv.2,0,,
Aircraft Mastery,3,Aircraft - March Size I,5,1,65000000,21660000,21660000,1500,0,aircraft-synergy-damage-1 Lv.1,0,,
Aircraft Mastery,3,Aircraft - March Size I,5,2,91050000,30280000,30280000,1690,0,aircraft-synergy-damage-1 Lv.1,0,,
Aircraft Mastery,3,Aircraft - March Size I,5,3,118444400,39481500,39481500,1880,0,aircraft-synergy-damage-1 Lv.1,0,,
Aircraft Mastery,3,Aircraft - March Size I,5,4,165822200,55274100,55274100,2070,0,aircraft-synergy-damage-1 Lv.1,0,,
Aircraft Mastery,3,Aircraft - March Size I,5,5,232151000,77383700,77383700,2250,0,aircraft-synergy-damage-1 Lv.1,0,,
Aircraft Mastery,4,Aircraft - HP I,10,1,65000000,21660000,21660000,1500,0,aircraft-march-size-1 Lv.1,0,,
Aircraft Mastery,4,Aircraft - HP I,10,2,65000000,21660000,21660000,1500,0,aircraft-march-size-1 Lv.1,0,,
Aircraft Mastery,4,Aircraft - HP I,10,3,91050000,30280000,30280000,1690,0,aircraft-march-size-1 Lv.1,0,,
Aircraft Mastery,4,Aircraft - HP I,10,4,91050000,30280000,30280000,1690,0,aircraft-march-size-1 Lv.1,0,,
Aircraft Mastery,4,Aircraft - HP I,10,5,118444400,39481500,39481500,1880,0,aircraft-march-size-1 Lv.1,0,,
Aircraft Mastery,4,Aircraft - HP I,10,6,118444400,39481500,39481500,1880,0,aircraft-march-size-1 Lv.1,0,,
Aircraft Mastery,4,Aircraft - HP I,10,7,165822200,55274100,55274100,2070,0,aircraft-march-size-1 Lv.1,0,,
Aircraft Mastery,4,Aircraft - HP I,10,8,165822200,55274100,55274100,2070,0,aircraft-march-size-1 Lv.1,0,,
Aircraft Mastery,4,Aircraft - HP I,10,9,232151000,77383700,77383700,2250,0,aircraft-march-size-1 Lv.1,0,,
Aircraft Mastery,4,Aircraft - HP I,10,10,232151000,77383700,77383700,2250,0,aircraft-march-size-1 Lv.1,0,,
Aircraft Mastery,4,Aircraft - Attack I,10,1,65000000,21660000,21660000,1500,0,aircraft-march-size-1 Lv.1,0,,
Aircraft Mastery,4,Aircraft - Attack I,10,2,65000000,21660000,21660000,1500,0,aircraft-march-size-1 Lv.1,0,,
Aircraft Mastery,4,Aircraft - Attack I,10,3,91050000,30280000,30280000,1690,0,aircraft-march-size-1 Lv.1,0,,
Aircraft Mastery,4,Aircraft - Attack I,10,4,91050000,30280000,30280000,1690,0,aircraft-march-size-1 Lv.1,0,,
Aircraft Mastery,4,Aircraft - Attack I,10,5,118444400,39481500,39481500,1880,0,aircraft-march-size-1 Lv.1,0,,
Aircraft Mastery,4,Aircraft - Attack I,10,6,118444400,39481500,39481500,1880,0,aircraft-march-size-1 Lv.1,0,,
Aircraft Mastery,4,Aircraft - Attack I,10,7,165822200,55274100,55274100,2070,0,aircraft-march-size-1 Lv.1,0,,
Aircraft Mastery,4,Aircraft - Attack I,10,8,165822200,55274100,55274100,2070,0,aircraft-march-size-1 Lv.1,0,,
Aircraft Mastery,4,Aircraft - Attack I,10,9,232151000,77383700,77383700,2250,0,aircraft-march-size-1 Lv.1,0,,
Aircraft Mastery,4,Aircraft - Attack I,10,10,232151000,77383700,77383700,2250,0,aircraft-march-size-1 Lv.1,0,,
Aircraft Mastery,4,Aircraft - Defense I,10,1,65000000,21660000,21660000,1500,0,aircraft-march-size-1 Lv.1,0,,
Aircraft Mastery,4,Aircraft - Defense I,10,2,65000000,21660000,21660000,1500,0,aircraft-march-size-1 Lv.1,0,,
Aircraft Mastery,4,Aircraft - Defense I,10,3,91050000,30280000,30280000,1690,0,aircraft-march-size-1 Lv.1,0,,
Aircraft Mastery,4,Aircraft - Defense I,10,4,91050000,30280000,30280000,1690,0,aircraft-march-size-1 Lv.1,0,,
Aircraft Mastery,4,Aircraft - Defense I,10,5,118444400,39481500,39481500,1880,0,aircraft-march-size-1 Lv.1,0,,
Aircraft Mastery,4,Aircraft - Defense I,10,6,118444400,39481500,39481500,1880,0,aircraft-march-size-1 Lv.1,0,,
Aircraft Mastery,4,Aircraft - Defense I,10,7,165822200,55274100,55274100,2070,0,aircraft-march-size-1 Lv.1,0,,
Aircraft Mastery,4,Aircraft - Defense I,10,8,165822200,55274100,55274100,2070,0,aircraft-march-size-1 Lv.1,0,,
Aircraft Mastery,4,Aircraft - Defense I,10,9,232151000,77383700,77383700,2250,0,aircraft-march-size-1 Lv.1,0,,
Aircraft Mastery,4,Aircraft - Defense I,10,10,232151000,77383700,77383700,2250,0,aircraft-march-size-1 Lv.1,0,,
Aircraft Mastery,5,Aircraft - Damage I,5,1,65000000,21660000,21660000,1500,0,aircraft-hp-1 Lv.2; aircraft-attack-1 Lv.2; aircraft-defense-1 Lv.2,0,,
Aircraft Mastery,5,Aircraft - Damage I,5,2,91050000,30280000,30280000,1690,0,aircraft-hp-1 Lv.2; aircraft-attack-1 Lv.2; aircraft-defense-1 Lv.2,0,,
Aircraft Mastery,5,Aircraft - Damage I,5,3,118444400,39481500,39481500,1880,0,aircraft-hp-1 Lv.2; aircraft-attack-1 Lv.2; aircraft-defense-1 Lv.2,0,,
Aircraft Mastery,5,Aircraft - Damage I,5,4,165822200,55274100,55274100,2070,0,aircraft-hp-1 Lv.2; aircraft-attack-1 Lv.2; aircraft-defense-1 Lv.2,0,,
Aircraft Mastery,5,Aircraft - Damage I,5,5,232151000,77383700,77383700,2250,0,aircraft-hp-1 Lv.2; aircraft-attack-1 Lv.2; aircraft-defense-1 Lv.2,0,,
Aircraft Mastery,6,Aircraft - Ultimate Defense I,10,1,65000000,21660000,21660000,1500,0,aircraft-damage-1 Lv.1,0,,
Aircraft Mastery,6,Aircraft - Ultimate Defense I,10,2,65000000,21660000,21660000,1500,0,aircraft-damage-1 Lv.1,0,,
Aircraft Mastery,6,Aircraft - Ultimate Defense I,10,3,91050000,30280000,30280000,1690,0,aircraft-damage-1 Lv.1,0,,
Aircraft Mastery,6,Aircraft - Ultimate Defense I,10,4,91050000,30280000,30280000,1690,0,aircraft-damage-1 Lv.1,0,,
Aircraft Mastery,6,Aircraft - Ultimate Defense I,10,5,118444400,39481500,39481500,1880,0,aircraft-damage-1 Lv.1,0,,
Aircraft Mastery,6,Aircraft - Ultimate Defense I,10,6,118444400,39481500,39481500,1880,0,aircraft-damage-1 Lv.1,0,,
Aircraft Mastery,6,Aircraft - Ultimate Defense I,10,7,165822200,55274100,55274100,2070,0,aircraft-damage-1 Lv.1,0,,
Aircraft Mastery,6,Aircraft - Ultimate Defense I,10,8,165822200,55274100,55274100,2070,0,aircraft-damage-1 Lv.1,0,,
Aircraft Mastery,6,Aircraft - Ultimate Defense I,10,9,232151000,77383700,77383700,2250,0,aircraft-damage-1 Lv.1,0,,
Aircraft Mastery,6,Aircraft - Ultimate Defense I,10,10,232151000,77383700,77383700,2250,0,aircraft-damage-1 Lv.1,0,,
Aircraft Mastery,7,Aircraft Synergy - HP II,10,1,65000000,21660000,21660000,1500,0,None,0,,
Aircraft Mastery,7,Aircraft Synergy - HP II,10,2,65000000,21660000,21660000,1500,0,None,0,,
Aircraft Mastery,7,Aircraft Synergy - HP II,10,3,91050000,30280000,30280000,1690,0,None,0,,
Aircraft Mastery,7,Aircraft Synergy - HP II,10,4,91050000,30280000,30280000,1690,0,None,0,,
Aircraft Mastery,7,Aircraft Synergy - HP II,10,5,118444400,39481500,39481500,1880,0,None,0,,
Aircraft Mastery,7,Aircraft Synergy - HP II,10,6,118444400,39481500,39481500,1880,0,None,0,,
Aircraft Mastery,7,Aircraft Synergy - HP II,10,7,165822200,55274100,55274100,2070,0,None,0,,
Aircraft Mastery,7,Aircraft Synergy - HP II,10,8,165822200,55274100,55274100,2070,0,None,0,,
Aircraft Mastery,7,Aircraft Synergy - HP II,10,9,232151000,77383700,77383700,2250,0,None,0,,
Aircraft Mastery,7,Aircraft Synergy - HP II,10,10,232151000,77383700,77383700,2250,0,None,0,,
Aircraft Mastery,7,Aircraft Synergy - Attack II,10,1,65000000,21660000,21660000,1500,0,None,0,,
Aircraft Mastery,7,Aircraft Synergy - Attack II,10,2,65000000,21660000,21660000,1500,0,None,0,,
Aircraft Mastery,7,Aircraft Synergy - Attack II,10,3,91050000,30280000,30280000,1690,0,None,0,,
Aircraft Mastery,7,Aircraft Synergy - Attack II,10,4,91050000,30280000,30280000,1690,0,None,0,,
Aircraft Mastery,7,Aircraft Synergy - Attack II,10,5,118444400,39481500,39481500,1880,0,None,0,,
Aircraft Mastery,7,Aircraft Synergy - Attack II,10,6,118444400,39481500,39481500,1880,0,None,0,,
Aircraft Mastery,7,Aircraft Synergy - Attack II,10,7,165822200,55274100,55274100,2070,0,None,0,,
Aircraft Mastery,7,Aircraft Synergy - Attack II,10,8,165822200,55274100,55274100,2070,0,None,0,,
Aircraft Mastery,7,Aircraft Synergy - Attack II,10,9,232151000,77383700,77383700,2250,0,None,0,,
Aircraft Mastery,7,Aircraft Synergy - Attack II,10,10,232151000,77383700,77383700,2250,0,None,0,,
Aircraft Mastery,7,Aircraft Synergy - Defense II,10,1,65000000,21660000,21660000,1500,0,None,0,,
Aircraft Mastery,7,Aircraft Synergy - Defense II,10,2,65000000,21660000,21660000,1500,0,None,0,,
Aircraft Mastery,7,Aircraft Synergy - Defense II,10,3,91050000,30280000,30280000,1690,0,None,0,,
Aircraft Mastery,7,Aircraft Synergy - Defense II,10,4,91050000,30280000,30280000,1690,0,None,0,,
Aircraft Mastery,7,Aircraft Synergy - Defense II,10,5,118444400,39481500,39481500,1880,0,None,0,,
Aircraft Mastery,7,Aircraft Synergy - Defense II,10,6,118444400,39481500,39481500,1880,0,None,0,,
Aircraft Mastery,7,Aircraft Synergy - Defense II,10,7,165822200,55274100,55274100,2070,0,None,0,,
Aircraft Mastery,7,Aircraft Synergy - Defense II,10,8,165822200,55274100,55274100,2070,0,None,0,,
Aircraft Mastery,7,Aircraft Synergy - Defense II,10,9,232151000,77383700,77383700,2250,0,None,0,,
Aircraft Mastery,7,Aircraft Synergy - Defense II,10,10,232151000,77383700,77383700,2250,0,None,0,,
Aircraft Mastery,8,Aircraft Synergy - Damage II,5,1,65000000,21660000,21660000,1500,0,aircraft-synergy-hp-2 Lv.2; aircraft-synergy-attack-2 Lv.2; aircraft-synergy-defense-2 Lv.2,0,,
Aircraft Mastery,8,Aircraft Synergy - Damage II,5,2,91050000,30280000,30280000,1690,0,aircraft-synergy-hp-2 Lv.2; aircraft-synergy-attack-2 Lv.2; aircraft-synergy-defense-2 Lv.2,0,,
Aircraft Mastery,8,Aircraft Synergy - Damage II,5,3,118444400,39481500,39481500,1880,0,aircraft-synergy-hp-2 Lv.2; aircraft-synergy-attack-2 Lv.2; aircraft-synergy-defense-2 Lv.2,0,,
Aircraft Mastery,8,Aircraft Synergy - Damage II,5,4,165822200,55274100,55274100,2070,0,aircraft-synergy-hp-2 Lv.2; aircraft-synergy-attack-2 Lv.2; aircraft-synergy-defense-2 Lv.2,0,,
Aircraft Mastery,8,Aircraft Synergy - Damage II,5,5,232151000,77383700,77383700,2250,0,aircraft-synergy-hp-2 Lv.2; aircraft-synergy-attack-2 Lv.2; aircraft-synergy-defense-2 Lv.2,0,,
Aircraft Mastery,9,Aircraft - March Size II,5,1,65000000,21660000,21660000,1500,0,aircraft-synergy-damage-2 Lv.1,0,,
Aircraft Mastery,9,Aircraft - March Size II,5,2,91050000,30280000,30280000,1690,0,aircraft-synergy-damage-2 Lv.1,0,,
Aircraft Mastery,9,Aircraft - March Size II,5,3,118444400,39481500,39481500,1880,0,aircraft-synergy-damage-2 Lv.1,0,,
Aircraft Mastery,9,Aircraft - March Size II,5,4,165822200,55274100,55274100,2070,0,aircraft-synergy-damage-2 Lv.1,0,,
Aircraft Mastery,9,Aircraft - March Size II,5,5,232151000,77383700,77383700,2250,0,aircraft-synergy-damage-2 Lv.1,0,,
Aircraft Mastery,10,Aircraft - HP II,10,1,65000000,21660000,21660000,1500,0,aircraft-march-size-2 Lv.1,0,,
Aircraft Mastery,10,Aircraft - HP II,10,2,65000000,21660000,21660000,1500,0,aircraft-march-size-2 Lv.1,0,,
Aircraft Mastery,10,Aircraft - HP II,10,3,91050000,30280000,30280000,1690,0,aircraft-march-size-2 Lv.1,0,,
Aircraft Mastery,10,Aircraft - HP II,10,4,91050000,30280000,30280000,1690,0,aircraft-march-size-2 Lv.1,0,,
Aircraft Mastery,10,Aircraft - HP II,10,5,118444400,39481500,39481500,1880,0,aircraft-march-size-2 Lv.1,0,,
Aircraft Mastery,10,Aircraft - HP II,10,6,118444400,39481500,39481500,1880,0,aircraft-march-size-2 Lv.1,0,,
Aircraft Mastery,10,Aircraft - HP II,10,7,165822200,55274100,55274100,2070,0,aircraft-march-size-2 Lv.1,0,,
Aircraft Mastery,10,Aircraft - HP II,10,8,165822200,55274100,55274100,2070,0,aircraft-march-size-2 Lv.1,0,,
Aircraft Mastery,10,Aircraft - HP II,10,9,232151000,77383700,77383700,2250,0,aircraft-march-size-2 Lv.1,0,,
Aircraft Mastery,10,Aircraft - HP II,10,10,232151000,77383700,77383700,2250,0,aircraft-march-size-2 Lv.1,0,,
Aircraft Mastery,10,Aircraft - Attack II,10,1,65000000,21660000,21660000,1500,0,aircraft-march-size-2 Lv.1,0,,
Aircraft Mastery,10,Aircraft - Attack II,10,2,65000000,21660000,21660000,1500,0,aircraft-march-size-2 Lv.1,0,,
Aircraft Mastery,10,Aircraft - Attack II,10,3,91050000,30280000,30280000,1690,0,aircraft-march-size-2 Lv.1,0,,
Aircraft Mastery,10,Aircraft - Attack II,10,4,91050000,30280000,30280000,1690,0,aircraft-march-size-2 Lv.1,0,,
Aircraft Mastery,10,Aircraft - Attack II,10,5,118444400,39481500,39481500,1880,0,aircraft-march-size-2 Lv.1,0,,
Aircraft Mastery,10,Aircraft - Attack II,10,6,118444400,39481500,39481500,1880,0,aircraft-march-size-2 Lv.1,0,,
Aircraft Mastery,10,Aircraft - Attack II,10,7,165822200,55274100,55274100,2070,0,aircraft-march-size-2 Lv.1,0,,
Aircraft Mastery,10,Aircraft - Attack II,10,8,165822200,55274100,55274100,2070,0,aircraft-march-size-2 Lv.1,0,,
Aircraft Mastery,10,Aircraft - Attack II,10,9,232151000,77383700,77383700,2250,0,aircraft-march-size-2 Lv.1,0,,
Aircraft Mastery,10,Aircraft - Attack II,10,10,232151000,77383700,77383700,2250,0,aircraft-march-size-2 Lv.1,0,,
Aircraft Mastery,10,Aircraft - Defense II,10,1,65000000,21660000,21660000,1500,0,aircraft-march-size-2 Lv.1,0,,
Aircraft Mastery,10,Aircraft - Defense II,10,2,65000000,21660000,21660000,1500,0,aircraft-march-size-2 Lv.1,0,,
Aircraft Mastery,10,Aircraft - Defense II,10,3,91050000,30280000,30280000,1690,0,aircraft-march-size-2 Lv.1,0,,
Aircraft Mastery,10,Aircraft - Defense II,10,4,91050000,30280000,30280000,1690,0,aircraft-march-size-2 Lv.1,0,,
Aircraft Mastery,10,Aircraft - Defense II,10,5,118444400,39481500,39481500,1880,0,aircraft-march-size-2 Lv.1,0,,
Aircraft Mastery,10,Aircraft - Defense II,10,6,118444400,39481500,39481500,1880,0,aircraft-march-size-2 Lv.1,0,,
Aircraft Mastery,10,Aircraft - Defense II,10,7,165822200,55274100,55274100,2070,0,aircraft-march-size-2 Lv.1,0,,
Aircraft Mastery,10,Aircraft - Defense II,10,8,165822200,55274100,55274100,2070,0,aircraft-march-size-2 Lv.1,0,,
Aircraft Mastery,10,Aircraft - Defense II,10,9,232151000,77383700,77383700,2250,0,aircraft-march-size-2 Lv.1,0,,
Aircraft Mastery,10,Aircraft - Defense II,10,10,232151000,77383700,77383700,2250,0,aircraft-march-size-2 Lv.1,0,,
Aircraft Mastery,11,Aircraft - Damage II,5,1,65000000,21660000,21660000,1500,0,aircraft-hp-2 Lv.2; aircraft-attack-2 Lv.2; aircraft-defense-2 Lv.2,0,,
Aircraft Mastery,11,Aircraft - Damage II,5,2,91050000,30280000,30280000,1690,0,aircraft-hp-2 Lv.2; aircraft-attack-2 Lv.2; aircraft-defense-2 Lv.2,0,,
Aircraft Mastery,11,Aircraft - Damage II,5,3,118444400,39481500,39481500,1880,0,aircraft-hp-2 Lv.2; aircraft-attack-2 Lv.2; aircraft-defense-2 Lv.2,0,,
Aircraft Mastery,11,Aircraft - Damage II,5,4,165822200,55274100,55274100,2070,0,aircraft-hp-2 Lv.2; aircraft-attack-2 Lv.2; aircraft-defense-2 Lv.2,0,,
Aircraft Mastery,11,Aircraft - Damage II,5,5,232151000,77383700,77383700,2250,0,aircraft-hp-2 Lv.2; aircraft-attack-2 Lv.2; aircraft-defense-2 Lv.2,0,,
Aircraft Mastery,12,Aircraft - Ultimate Defense II,10,1,65000000,21660000,21660000,1500,0,aircraft-damage-2 Lv.1,0,,
Aircraft Mastery,12,Aircraft - Ultimate Defense II,10,2,65000000,21660000,21660000,1500,0,aircraft-damage-2 Lv.1,0,,
Aircraft Mastery,12,Aircraft - Ultimate Defense II,10,3,91050000,30280000,30280000,1690,0,aircraft-damage-2 Lv.1,0,,
Aircraft Mastery,12,Aircraft - Ultimate Defense II,10,4,91050000,30280000,30280000,1690,0,aircraft-damage-2 Lv.1,0,,
Aircraft Mastery,12,Aircraft - Ultimate Defense II,10,5,118444400,39481500,39481500,1880,0,aircraft-damage-2 Lv.1,0,,
Aircraft Mastery,12,Aircraft - Ultimate Defense II,10,6,118444400,39481500,39481500,1880,0,aircraft-damage-2 Lv.1,0,,
Aircraft Mastery,12,Aircraft - Ultimate Defense II,10,7,165822200,55274100,55274100,2070,0,aircraft-damage-2 Lv.1,0,,
Aircraft Mastery,12,Aircraft - Ultimate Defense II,10,8,165822200,55274100,55274100,2070,0,aircraft-damage-2 Lv.1,0,,
Aircraft Mastery,12,Aircraft - Ultimate Defense II,10,9,232151000,77383700,77383700,2250,0,aircraft-damage-2 Lv.1,0,,
Aircraft Mastery,12,Aircraft - Ultimate Defense II,10,10,232151000,77383700,77383700,2250,0,aircraft-damage-2 Lv.1,0,,
Missile Mastery,1,Missile Vehicle Synergy - HP I,10,1,65000000,21660000,21660000,1500,0,None,0,,
Missile Mastery,1,Missile Vehicle Synergy - HP I,10,2,65000000,21660000,21660000,1500,0,None,0,,
Missile Mastery,1,Missile Vehicle Synergy - HP I,10,3,91050000,30280000,30280000,1690,0,None,0,,
Missile Mastery,1,Missile Vehicle Synergy - HP I,10,4,91050000,30280000,30280000,1690,0,None,0,,
Missile Mastery,1,Missile Vehicle Synergy - HP I,10,5,118444400,39481500,39481500,1880,0,None,0,,
Missile Mastery,1,Missile Vehicle Synergy - HP I,10,6,118444400,39481500,39481500,1880,0,None,0,,
Missile Mastery,1,Missile Vehicle Synergy - HP I,10,7,165822200,55274100,55274100,2070,0,None,0,,
Missile Mastery,1,Missile Vehicle Synergy - HP I,10,8,165822200,55274100,55274100,2070,0,None,0,,
Missile Mastery,1,Missile Vehicle Synergy - HP I,10,9,232151000,77383700,77383700,2250,0,None,0,,
Missile Mastery,1,Missile Vehicle Synergy - HP I,10,10,232151000,77383700,77383700,2250,0,None,0,,
Missile Mastery,1,Missile Vehicle Synergy - Attack I,10,1,65000000,21660000,21660000,1500,0,None,0,,
Missile Mastery,1,Missile Vehicle Synergy - Attack I,10,2,65000000,21660000,21660000,1500,0,None,0,,
Missile Mastery,1,Missile Vehicle Synergy - Attack I,10,3,91050000,30280000,30280000,1690,0,None,0,,
Missile Mastery,1,Missile Vehicle Synergy - Attack I,10,4,91050000,30280000,30280000,1690,0,None,0,,
Missile Mastery,1,Missile Vehicle Synergy - Attack I,10,5,118444400,39481500,39481500,1880,0,None,0,,
Missile Mastery,1,Missile Vehicle Synergy - Attack I,10,6,118444400,39481500,39481500,1880,0,None,0,,
Missile Mastery,1,Missile Vehicle Synergy - Attack I,10,7,165822200,55274100,55274100,2070,0,None,0,,
Missile Mastery,1,Missile Vehicle Synergy - Attack I,10,8,165822200,55274100,55274100,2070,0,None,0,,
Missile Mastery,1,Missile Vehicle Synergy - Attack I,10,9,232151000,77383700,77383700,2250,0,None,0,,
Missile Mastery,1,Missile Vehicle Synergy - Attack I,10,10,232151000,77383700,77383700,2250,0,None,0,,
Missile Mastery,1,Missile Vehicle Synergy - Defense I,10,1,65000000,21660000,21660000,1500,0,None,0,,
Missile Mastery,1,Missile Vehicle Synergy - Defense I,10,2,65000000,21660000,21660000,1500,0,None,0,,
Missile Mastery,1,Missile Vehicle Synergy - Defense I,10,3,91050000,30280000,30280000,1690,0,None,0,,
Missile Mastery,1,Missile Vehicle Synergy - Defense I,10,4,91050000,30280000,30280000,1690,0,None,0,,
Missile Mastery,1,Missile Vehicle Synergy - Defense I,10,5,118444400,39481500,39481500,1880,0,None,0,,
Missile Mastery,1,Missile Vehicle Synergy - Defense I,10,6,118444400,39481500,39481500,1880,0,None,0,,
Missile Mastery,1,Missile Vehicle Synergy - Defense I,10,7,165822200,55274100,55274100,2070,0,None,0,,
Missile Mastery,1,Missile Vehicle Synergy - Defense I,10,8,165822200,55274100,55274100,2070,0,None,0,,
Missile Mastery,1,Missile Vehicle Synergy - Defense I,10,9,232151000,77383700,77383700,2250,0,None,0,,
Missile Mastery,1,Missile Vehicle Synergy - Defense I,10,10,232151000,77383700,77383700,2250,0,None,0,,
Missile Mastery,2,Missile Vehicle Synergy - Damage I,5,1,65000000,21660000,21660000,1500,0,missile-vehicle-synergy-hp-1 Lv.2; missile-vehicle-synergy-attack-1 Lv.2; missile-vehicle-synergy-defense-1 Lv.2,0,,
Missile Mastery,2,Missile Vehicle Synergy - Damage I,5,2,91050000,30280000,30280000,1690,0,missile-vehicle-synergy-hp-1 Lv.2; missile-vehicle-synergy-attack-1 Lv.2; missile-vehicle-synergy-defense-1 Lv.2,0,,
Missile Mastery,2,Missile Vehicle Synergy - Damage I,5,3,118444400,39481500,39481500,1880,0,missile-vehicle-synergy-hp-1 Lv.2; missile-vehicle-synergy-attack-1 Lv.2; missile-vehicle-synergy-defense-1 Lv.2,0,,
Missile Mastery,2,Missile Vehicle Synergy - Damage I,5,4,165822200,55274100,55274100,2070,0,missile-vehicle-synergy-hp-1 Lv.2; missile-vehicle-synergy-attack-1 Lv.2; missile-vehicle-synergy-defense-1 Lv.2,0,,
Missile Mastery,2,Missile Vehicle Synergy - Damage I,5,5,232151000,77383700,77383700,2250,0,missile-vehicle-synergy-hp-1 Lv.2; missile-vehicle-synergy-attack-1 Lv.2; missile-vehicle-synergy-defense-1 Lv.2,0,,
Missile Mastery,3,Missile Vehicle - March Size I,5,1,65000000,21660000,21660000,1500,0,missile-vehicle-synergy-damage-1 Lv.1,0,,
Missile Mastery,3,Missile Vehicle - March Size I,5,2,91050000,30280000,30280000,1690,0,missile-vehicle-synergy-damage-1 Lv.1,0,,
Missile Mastery,3,Missile Vehicle - March Size I,5,3,118444400,39481500,39481500,1880,0,missile-vehicle-synergy-damage-1 Lv.1,0,,
Missile Mastery,3,Missile Vehicle - March Size I,5,4,165822200,55274100,55274100,2070,0,missile-vehicle-synergy-damage-1 Lv.1,0,,
Missile Mastery,3,Missile Vehicle - March Size I,5,5,232151000,77383700,77383700,2250,0,missile-vehicle-synergy-damage-1 Lv.1,0,,
Missile Mastery,4,Missile Vehicle - HP I,10,1,65000000,21660000,21660000,1500,0,missile-vehicle-march-size-1 Lv.1,0,,
Missile Mastery,4,Missile Vehicle - HP I,10,2,65000000,21660000,21660000,1500,0,missile-vehicle-march-size-1 Lv.1,0,,
Missile Mastery,4,Missile Vehicle - HP I,10,3,91050000,30280000,30280000,1690,0,missile-vehicle-march-size-1 Lv.1,0,,
Missile Mastery,4,Missile Vehicle - HP I,10,4,91050000,30280000,30280000,1690,0,missile-vehicle-march-size-1 Lv.1,0,,
Missile Mastery,4,Missile Vehicle - HP I,10,5,118444400,39481500,39481500,1880,0,missile-vehicle-march-size-1 Lv.1,0,,
Missile Mastery,4,Missile Vehicle - HP I,10,6,118444400,39481500,39481500,1880,0,missile-vehicle-march-size-1 Lv.1,0,,
Missile Mastery,4,Missile Vehicle - HP I,10,7,165822200,55274100,55274100,2070,0,missile-vehicle-march-size-1 Lv.1,0,,
Missile Mastery,4,Missile Vehicle - HP I,10,8,165822200,55274100,55274100,2070,0,missile-vehicle-march-size-1 Lv.1,0,,
Missile Mastery,4,Missile Vehicle - HP I,10,9,232151000,77383700,77383700,2250,0,missile-vehicle-march-size-1 Lv.1,0,,
Missile Mastery,4,Missile Vehicle - HP I,10,10,232151000,77383700,77383700,2250,0,missile-vehicle-march-size-1 Lv.1,0,,
Missile Mastery,4,Missile Vehicle - Attack I,10,1,65000000,21660000,21660000,1500,0,missile-vehicle-march-size-1 Lv.1,0,,
Missile Mastery,4,Missile Vehicle - Attack I,10,2,65000000,21660000,21660000,1500,0,missile-vehicle-march-size-1 Lv.1,0,,
Missile Mastery,4,Missile Vehicle - Attack I,10,3,91050000,30280000,30280000,1690,0,missile-vehicle-march-size-1 Lv.1,0,,
Missile Mastery,4,Missile Vehicle - Attack I,10,4,91050000,30280000,30280000,1690,0,missile-vehicle-march-size-1 Lv.1,0,,
Missile Mastery,4,Missile Vehicle - Attack I,10,5,118444400,39481500,39481500,1880,0,missile-vehicle-march-size-1 Lv.1,0,,
Missile Mastery,4,Missile Vehicle - Attack I,10,6,118444400,39481500,39481500,1880,0,missile-vehicle-march-size-1 Lv.1,0,,
Missile Mastery,4,Missile Vehicle - Attack I,10,7,165822200,55274100,55274100,2070,0,missile-vehicle-march-size-1 Lv.1,0,,
Missile Mastery,4,Missile Vehicle - Attack I,10,8,165822200,55274100,55274100,2070,0,missile-vehicle-march-size-1 Lv.1,0,,
Missile Mastery,4,Missile Vehicle - Attack I,10,9,232151000,77383700,77383700,2250,0,missile-vehicle-march-size-1 Lv.1,0,,
Missile Mastery,4,Missile Vehicle - Attack I,10,10,232151000,77383700,77383700,2250,0,missile-vehicle-march-size-1 Lv.1,0,,
Missile Mastery,4,Missile Vehicle - Defense I,10,1,65000000,21660000,21660000,1500,0,missile-vehicle-march-size-1 Lv.1,0,,
Missile Mastery,4,Missile Vehicle - Defense I,10,2,65000000,21660000,21660000,1500,0,missile-vehicle-march-size-1 Lv.1,0,,
Missile Mastery,4,Missile Vehicle - Defense I,10,3,91050000,30280000,30280000,1690,0,missile-vehicle-march-size-1 Lv.1,0,,
Missile Mastery,4,Missile Vehicle - Defense I,10,4,91050000,30280000,30280000,1690,0,missile-vehicle-march-size-1 Lv.1,0,,
Missile Mastery,4,Missile Vehicle - Defense I,10,5,118444400,39481500,39481500,1880,0,missile-vehicle-march-size-1 Lv.1,0,,
Missile Mastery,4,Missile Vehicle - Defense I,10,6,118444400,39481500,39481500,1880,0,missile-vehicle-march-size-1 Lv.1,0,,
Missile Mastery,4,Missile Vehicle - Defense I,10,7,165822200,55274100,55274100,2070,0,missile-vehicle-march-size-1 Lv.1,0,,
Missile Mastery,4,Missile Vehicle - Defense I,10,8,165822200,55274100,55274100,2070,0,missile-vehicle-march-size-1 Lv.1,0,,
Missile Mastery,4,Missile Vehicle - Defense I,10,9,232151000,77383700,77383700,2250,0,missile-vehicle-march-size-1 Lv.1,0,,
Missile Mastery,4,Missile Vehicle - Defense I,10,10,232151000,77383700,77383700,2250,0,missile-vehicle-march-size-1 Lv.1,0,,
Missile Mastery,5,Missile Vehicle - Damage I,5,1,65000000,21660000,21660000,1500,0,missile-vehicle-hp-1 Lv.2; missile-vehicle-attack-1 Lv.2; missile-vehicle-defense-1 Lv.2,0,,
Missile Mastery,5,Missile Vehicle - Damage I,5,2,91050000,30280000,30280000,1690,0,missile-vehicle-hp-1 Lv.2; missile-vehicle-attack-1 Lv.2; missile-vehicle-defense-1 Lv.2,0,,
Missile Mastery,5,Missile Vehicle - Damage I,5,3,118444400,39481500,39481500,1880,0,missile-vehicle-hp-1 Lv.2; missile-vehicle-attack-1 Lv.2; missile-vehicle-defense-1 Lv.2,0,,
Missile Mastery,5,Missile Vehicle - Damage I,5,4,165822200,55274100,55274100,2070,0,missile-vehicle-hp-1 Lv.2; missile-vehicle-attack-1 Lv.2; missile-vehicle-defense-1 Lv.2,0,,
Missile Mastery,5,Missile Vehicle - Damage I,5,5,232151000,77383700,77383700,2250,0,missile-vehicle-hp-1 Lv.2; missile-vehicle-attack-1 Lv.2; missile-vehicle-defense-1 Lv.2,0,,
Missile Mastery,6,Missile Vehicle - Ultimate Defense I,10,1,65000000,21660000,21660000,1500,0,missile-vehicle-damage-1 Lv.1,0,,
Missile Mastery,6,Missile Vehicle - Ultimate Defense I,10,2,65000000,21660000,21660000,1500,0,missile-vehicle-damage-1 Lv.1,0,,
Missile Mastery,6,Missile Vehicle - Ultimate Defense I,10,3,91050000,30280000,30280000,1690,0,missile-vehicle-damage-1 Lv.1,0,,
Missile Mastery,6,Missile Vehicle - Ultimate Defense I,10,4,91050000,30280000,30280000,1690,0,missile-vehicle-damage-1 Lv.1,0,,
Missile Mastery,6,Missile Vehicle - Ultimate Defense I,10,5,118444400,39481500,39481500,1880,0,missile-vehicle-damage-1 Lv.1,0,,
Missile Mastery,6,Missile Vehicle - Ultimate Defense I,10,6,118444400,39481500,39481500,1880,0,missile-vehicle-damage-1 Lv.1,0,,
Missile Mastery,6,Missile Vehicle - Ultimate Defense I,10,7,165822200,55274100,55274100,2070,0,missile-vehicle-damage-1 Lv.1,0,,
Missile Mastery,6,Missile Vehicle - Ultimate Defense I,10,8,165822200,55274100,55274100,2070,0,missile-vehicle-damage-1 Lv.1,0,,
Missile Mastery,6,Missile Vehicle - Ultimate Defense I,10,9,232151000,77383700,77383700,2250,0,missile-vehicle-damage-1 Lv.1,0,,
Missile Mastery,6,Missile Vehicle - Ultimate Defense I,10,10,232151000,77383700,77383700,2250,0,missile-vehicle-damage-1 Lv.1,0,,
Missile Mastery,7,Missile Vehicle Synergy - HP II,10,1,65000000,21660000,21660000,1500,0,None,0,,
Missile Mastery,7,Missile Vehicle Synergy - HP II,10,2,65000000,21660000,21660000,1500,0,None,0,,
Missile Mastery,7,Missile Vehicle Synergy - HP II,10,3,91050000,30280000,30280000,1690,0,None,0,,
Missile Mastery,7,Missile Vehicle Synergy - HP II,10,4,91050000,30280000,30280000,1690,0,None,0,,
Missile Mastery,7,Missile Vehicle Synergy - HP II,10,5,118444400,39481500,39481500,1880,0,None,0,,
Missile Mastery,7,Missile Vehicle Synergy - HP II,10,6,118444400,39481500,39481500,1880,0,None,0,,
Missile Mastery,7,Missile Vehicle Synergy - HP II,10,7,165822200,55274100,55274100,2070,0,None,0,,
Missile Mastery,7,Missile Vehicle Synergy - HP II,10,8,165822200,55274100,55274100,2070,0,None,0,,
Missile Mastery,7,Missile Vehicle Synergy - HP II,10,9,232151000,77383700,77383700,2250,0,None,0,,
Missile Mastery,7,Missile Vehicle Synergy - HP II,10,10,232151000,77383700,77383700,2250,0,None,0,,
Missile Mastery,7,Missile Vehicle Synergy - Attack II,10,1,65000000,21660000,21660000,1500,0,None,0,,
Missile Mastery,7,Missile Vehicle Synergy - Attack II,10,2,65000000,21660000,21660000,1500,0,None,0,,
Missile Mastery,7,Missile Vehicle Synergy - Attack II,10,3,91050000,30280000,30280000,1690,0,None,0,,
Missile Mastery,7,Missile Vehicle Synergy - Attack II,10,4,91050000,30280000,30280000,1690,0,None,0,,
Missile Mastery,7,Missile Vehicle Synergy - Attack II,10,5,118444400,39481500,39481500,1880,0,None,0,,
Missile Mastery,7,Missile Vehicle Synergy - Attack II,10,6,118444400,39481500,39481500,1880,0,None,0,,
Missile Mastery,7,Missile Vehicle Synergy - Attack II,10,7,165822200,55274100,55274100,2070,0,None,0,,
Missile Mastery,7,Missile Vehicle Synergy - Attack II,10,8,165822200,55274100,55274100,2070,0,None,0,,
Missile Mastery,7,Missile Vehicle Synergy - Attack II,10,9,232151000,77383700,77383700,2250,0,None,0,,
Missile Mastery,7,Missile Vehicle Synergy - Attack II,10,10,232151000,77383700,77383700,2250,0,None,0,,
Missile Mastery,7,Missile Vehicle Synergy - Defense II,10,1,65000000,21660000,21660000,1500,0,None,0,,
Missile Mastery,7,Missile Vehicle Synergy - Defense II,10,2,65000000,21660000,21660000,1500,0,None,0,,
Missile Mastery,7,Missile Vehicle Synergy - Defense II,10,3,91050000,30280000,30280000,1690,0,None,0,,
Missile Mastery,7,Missile Vehicle Synergy - Defense II,10,4,91050000,30280000,30280000,1690,0,None,0,,
Missile Mastery,7,Missile Vehicle Synergy - Defense II,10,5,118444400,39481500,39481500,1880,0,None,0,,
Missile Mastery,7,Missile Vehicle Synergy - Defense II,10,6,118444400,39481500,39481500,1880,0,None,0,,
Missile Mastery,7,Missile Vehicle Synergy - Defense II,10,7,165822200,55274100,55274100,2070,0,None,0,,
Missile Mastery,7,Missile Vehicle Synergy - Defense II,10,8,165822200,55274100,55274100,2070,0,None,0,,
Missile Mastery,7,Missile Vehicle Synergy - Defense II,10,9,232151000,77383700,77383700,2250,0,None,0,,
Missile Mastery,7,Missile Vehicle Synergy - Defense II,10,10,232151000,77383700,77383700,2250,0,None,0,,
Missile Mastery,8,Missile Vehicle Synergy - Damage II,5,1,65000000,21660000,21660000,1500,0,missile-vehicle-synergy-hp-2 Lv.2; missile-vehicle-synergy-attack-2 Lv.2; missile-vehicle-synergy-defense-2 Lv.2,0,,
Missile Mastery,8,Missile Vehicle Synergy - Damage II,5,2,91050000,30280000,30280000,1690,0,missile-vehicle-synergy-hp-2 Lv.2; missile-vehicle-synergy-attack-2 Lv.2; missile-vehicle-synergy-defense-2 Lv.2,0,,
Missile Mastery,8,Missile Vehicle Synergy - Damage II,5,3,118444400,39481500,39481500,1880,0,missile-vehicle-synergy-hp-2 Lv.2; missile-vehicle-synergy-attack-2 Lv.2; missile-vehicle-synergy-defense-2 Lv.2,0,,
Missile Mastery,8,Missile Vehicle Synergy - Damage II,5,4,165822200,55274100,55274100,2070,0,missile-vehicle-synergy-hp-2 Lv.2; missile-vehicle-synergy-attack-2 Lv.2; missile-vehicle-synergy-defense-2 Lv.2,0,,
Missile Mastery,8,Missile Vehicle Synergy - Damage II,5,5,232151000,77383700,77383700,2250,0,missile-vehicle-synergy-hp-2 Lv.2; missile-vehicle-synergy-attack-2 Lv.2; missile-vehicle-synergy-defense-2 Lv.2,0,,
Missile Mastery,9,Missile Vehicle - March Size II,5,1,65000000,21660000,21660000,1500,0,missile-vehicle-synergy-damage-2 Lv.1,0,,
Missile Mastery,9,Missile Vehicle - March Size II,5,2,91050000,30280000,30280000,1690,0,missile-vehicle-synergy-damage-2 Lv.1,0,,
Missile Mastery,9,Missile Vehicle - March Size II,5,3,118444400,39481500,39481500,1880,0,missile-vehicle-synergy-damage-2 Lv.1,0,,
Missile Mastery,9,Missile Vehicle - March Size II,5,4,165822200,55274100,55274100,2070,0,missile-vehicle-synergy-damage-2 Lv.1,0,,
Missile Mastery,9,Missile Vehicle - March Size II,5,5,232151000,77383700,77383700,2250,0,missile-vehicle-synergy-damage-2 Lv.1,0,,
Missile Mastery,10,Missile Vehicle - HP II,10,1,65000000,21660000,21660000,1500,0,missile-vehicle-march-size-2 Lv.1,0,,
Missile Mastery,10,Missile Vehicle - HP II,10,2,65000000,21660000,21660000,1500,0,missile-vehicle-march-size-2 Lv.1,0,,
Missile Mastery,10,Missile Vehicle - HP II,10,3,91050000,30280000,30280000,1690,0,missile-vehicle-march-size-2 Lv.1,0,,
Missile Mastery,10,Missile Vehicle - HP II,10,4,91050000,30280000,30280000,1690,0,missile-vehicle-march-size-2 Lv.1,0,,
Missile Mastery,10,Missile Vehicle - HP II,10,5,118444400,39481500,39481500,1880,0,missile-vehicle-march-size-2 Lv.1,0,,
Missile Mastery,10,Missile Vehicle - HP II,10,6,118444400,39481500,39481500,1880,0,missile-vehicle-march-size-2 Lv.1,0,,
Missile Mastery,10,Missile Vehicle - HP II,10,7,165822200,55274100,55274100,2070,0,missile-vehicle-march-size-2 Lv.1,0,,
Missile Mastery,10,Missile Vehicle - HP II,10,8,165822200,55274100,55274100,2070,0,missile-vehicle-march-size-2 Lv.1,0,,
Missile Mastery,10,Missile Vehicle - HP II,10,9,232151000,77383700,77383700,2250,0,missile-vehicle-march-size-2 Lv.1,0,,
Missile Mastery,10,Missile Vehicle - HP II,10,10,232151000,77383700,77383700,2250,0,missile-vehicle-march-size-2 Lv.1,0,,
Missile Mastery,10,Missile Vehicle - Attack II,10,1,65000000,21660000,21660000,1500,0,missile-vehicle-march-size-2 Lv.1,0,,
Missile Mastery,10,Missile Vehicle - Attack II,10,2,65000000,21660000,21660000,1500,0,missile-vehicle-march-size-2 Lv.1,0,,
Missile Mastery,10,Missile Vehicle - Attack II,10,3,91050000,30280000,30280000,1690,0,missile-vehicle-march-size-2 Lv.1,0,,
Missile Mastery,10,Missile Vehicle - Attack II,10,4,91050000,30280000,30280000,1690,0,missile-vehicle-march-size-2 Lv.1,0,,
Missile Mastery,10,Missile Vehicle - Attack II,10,5,118444400,39481500,39481500,1880,0,missile-vehicle-march-size-2 Lv.1,0,,
Missile Mastery,10,Missile Vehicle - Attack II,10,6,118444400,39481500,39481500,1880,0,missile-vehicle-march-size-2 Lv.1,0,,
Missile Mastery,10,Missile Vehicle - Attack II,10,7,165822200,55274100,55274100,2070,0,missile-vehicle-march-size-2 Lv.1,0,,
Missile Mastery,10,Missile Vehicle - Attack II,10,8,165822200,55274100,55274100,2070,0,missile-vehicle-march-size-2 Lv.1,0,,
Missile Mastery,10,Missile Vehicle - Attack II,10,9,232151000,77383700,77383700,2250,0,missile-vehicle-march-size-2 Lv.1,0,,
Missile Mastery,10,Missile Vehicle - Attack II,10,10,232151000,77383700,77383700,2250,0,missile-vehicle-march-size-2 Lv.1,0,,
Missile Mastery,10,Missile Vehicle - Defense II,10,1,65000000,21660000,21660000,1500,0,missile-vehicle-march-size-2 Lv.1,0,,
Missile Mastery,10,Missile Vehicle - Defense II,10,2,65000000,21660000,21660000,1500,0,missile-vehicle-march-size-2 Lv.1,0,,
Missile Mastery,10,Missile Vehicle - Defense II,10,3,91050000,30280000,30280000,1690,0,missile-vehicle-march-size-2 Lv.1,0,,
Missile Mastery,10,Missile Vehicle - Defense II,10,4,91050000,30280000,30280000,1690,0,missile-vehicle-march-size-2 Lv.1,0,,
Missile Mastery,10,Missile Vehicle - Defense II,10,5,118444400,39481500,39481500,1880,0,missile-vehicle-march-size-2 Lv.1,0,,
Missile Mastery,10,Missile Vehicle - Defense II,10,6,118444400,39481500,39481500,1880,0,missile-vehicle-march-size-2 Lv.1,0,,
Missile Mastery,10,Missile Vehicle - Defense II,10,7,165822200,55274100,55274100,2070,0,missile-vehicle-march-size-2 Lv.1,0,,
Missile Mastery,10,Missile Vehicle - Defense II,10,8,165822200,55274100,55274100,2070,0,missile-vehicle-march-size-2 Lv.1,0,,
Missile Mastery,10,Missile Vehicle - Defense II,10,9,232151000,77383700,77383700,2250,0,missile-vehicle-march-size-2 Lv.1,0,,
Missile Mastery,10,Missile Vehicle - Defense II,10,10,232151000,77383700,77383700,2250,0,missile-vehicle-march-size-2 Lv.1,0,,
Missile Mastery,11,Missile Vehicle - Damage II,5,1,65000000,21660000,21660000,1500,0,missile-vehicle-hp-2 Lv.2; missile-vehicle-attack-2 Lv.2; missile-vehicle-defense-2 Lv.2,0,,
Missile Mastery,11,Missile Vehicle - Damage II,5,2,91050000,30280000,30280000,1690,0,missile-vehicle-hp-2 Lv.2; missile-vehicle-attack-2 Lv.2; missile-vehicle-defense-2 Lv.2,0,,
Missile Mastery,11,Missile Vehicle - Damage II,5,3,118444400,39481500,39481500,1880,0,missile-vehicle-hp-2 Lv.2; missile-vehicle-attack-2 Lv.2; missile-vehicle-defense-2 Lv.2,0,,
Missile Mastery,11,Missile Vehicle - Damage II,5,4,165822200,55274100,55274100,2070,0,missile-vehicle-hp-2 Lv.2; missile-vehicle-attack-2 Lv.2; missile-vehicle-defense-2 Lv.2,0,,
Missile Mastery,11,Missile Vehicle - Damage II,5,5,232151000,77383700,77383700,2250,0,missile-vehicle-hp-2 Lv.2; missile-vehicle-attack-2 Lv.2; missile-vehicle-defense-2 Lv.2,0,,
Missile Mastery,12,Missile Vehicle - Ultimate Defense II,10,1,65000000,21660000,21660000,1500,0,missile-vehicle-damage-2 Lv.1,0,,
Missile Mastery,12,Missile Vehicle - Ultimate Defense II,10,2,65000000,21660000,21660000,1500,0,missile-vehicle-damage-2 Lv.1,0,,
Missile Mastery,12,Missile Vehicle - Ultimate Defense II,10,3,91050000,30280000,30280000,1690,0,missile-vehicle-damage-2 Lv.1,0,,
Missile Mastery,12,Missile Vehicle - Ultimate Defense II,10,4,91050000,30280000,30280000,1690,0,missile-vehicle-damage-2 Lv.1,0,,
Missile Mastery,12,Missile Vehicle - Ultimate Defense II,10,5,118444400,39481500,39481500,1880,0,missile-vehicle-damage-2 Lv.1,0,,
Missile Mastery,12,Missile Vehicle - Ultimate Defense II,10,6,118444400,39481500,39481500,1880,0,missile-vehicle-damage-2 Lv.1,0,,
Missile Mastery,12,Missile Vehicle - Ultimate Defense II,10,7,165822200,55274100,55274100,2070,0,missile-vehicle-damage-2 Lv.1,0,,
Missile Mastery,12,Missile Vehicle - Ultimate Defense II,10,8,165822200,55274100,55274100,2070,0,missile-vehicle-damage-2 Lv.1,0,,
Missile Mastery,12,Missile Vehicle - Ultimate Defense II,10,9,232151000,77383700,77383700,2250,0,missile-vehicle-damage-2 Lv.1,0,,
Missile Mastery,12,Missile Vehicle - Ultimate Defense II,10,10,232151000,77383700,77383700,2250,0,missile-vehicle-damage-2 Lv.1,0,,
The Age of Oil,1,Unlock Oil Well,1,1,6220000,2000000,2000000,0,0,None,0,,
The Age of Oil,2,Food Output V,10,1,6220000,2000000,2000000,0,0,unlock-oil-well Lv.1,0,,
The Age of Oil,2,Food Output V,10,2,6220000,2000000,2000000,0,0,unlock-oil-well Lv.1,0,,
The Age of Oil,2,Food Output V,10,3,11110000,3670000,3670000,0,0,unlock-oil-well Lv.1,0,,
The Age of Oil,2,Food Output V,10,4,11110000,3670000,3670000,0,0,unlock-oil-well Lv.1,0,,
The Age of Oil,2,Food Output V,10,5,15705400,5235100,5235100,0,0,unlock-oil-well Lv.1,0,,
The Age of Oil,2,Food Output V,10,6,15705400,5235100,5235100,0,0,unlock-oil-well Lv.1,0,,
The Age of Oil,2,Food Output V,10,7,20417000,6805700,6805700,0,0,unlock-oil-well Lv.1,0,,
The Age of Oil,2,Food Output V,10,8,20417000,6805700,6805700,0,0,unlock-oil-well Lv.1,0,,
The Age of Oil,2,Food Output V,10,9,25521300,8507100,8507100,0,0,unlock-oil-well Lv.1,0,,
The Age of Oil,2,Food Output V,10,10,25521300,8507100,8507100,0,0,unlock-oil-well Lv.1,0,,
The Age of Oil,2,Iron Output V,10,1,6220000,2000000,2000000,0,0,unlock-oil-well Lv.1,0,,
The Age of Oil,2,Iron Output V,10,2,6220000,2000000,2000000,0,0,unlock-oil-well Lv.1,0,,
The Age of Oil,2,Iron Output V,10,3,11110000,3670000,3670000,0,0,unlock-oil-well Lv.1,0,,
The Age of Oil,2,Iron Output V,10,4,11110000,3670000,3670000,0,0,unlock-oil-well Lv.1,0,,
The Age of Oil,2,Iron Output V,10,5,15705400,5235100,5235100,0,0,unlock-oil-well Lv.1,0,,
The Age of Oil,2,Iron Output V,10,6,15705400,5235100,5235100,0,0,unlock-oil-well Lv.1,0,,
The Age of Oil,2,Iron Output V,10,7,20417000,6805700,6805700,0,0,unlock-oil-well Lv.1,0,,
The Age of Oil,2,Iron Output V,10,8,20417000,6805700,6805700,0,0,unlock-oil-well Lv.1,0,,
The Age of Oil,2,Iron Output V,10,9,25521300,8507100,8507100,0,0,unlock-oil-well Lv.1,0,,
The Age of Oil,2,Iron Output V,10,10,25521300,8507100,8507100,0,0,unlock-oil-well Lv.1,0,,
The Age of Oil,2,Coin Output V,10,1,6220000,2000000,2000000,0,0,unlock-oil-well Lv.1,0,,
The Age of Oil,2,Coin Output V,10,2,6220000,2000000,2000000,0,0,unlock-oil-well Lv.1,0,,
The Age of Oil,2,Coin Output V,10,3,11110000,3670000,3670000,0,0,unlock-oil-well Lv.1,0,,
The Age of Oil,2,Coin Output V,10,4,11110000,3670000,3670000,0,0,unlock-oil-well Lv.1,0,,
The Age of Oil,2,Coin Output V,10,5,15705400,5235100,5235100,0,0,unlock-oil-well Lv.1,0,,
The Age of Oil,2,Coin Output V,10,6,15705400,5235100,5235100,0,0,unlock-oil-well Lv.1,0,,
The Age of Oil,2,Coin Output V,10,7,20417000,6805700,6805700,0,0,unlock-oil-well Lv.1,0,,
The Age of Oil,2,Coin Output V,10,8,20417000,6805700,6805700,0,0,unlock-oil-well Lv.1,0,,
The Age of Oil,2,Coin Output V,10,9,25521300,8507100,8507100,0,0,unlock-oil-well Lv.1,0,,
The Age of Oil,2,Coin Output V,10,10,25521300,8507100,8507100,0,0,unlock-oil-well Lv.1,0,,
The Age of Oil,3,Oil Output I,10,1,11220000,3670000,3670000,0,60000,food-output-5 Lv.1; iron-output-5 Lv.1; coin-output-5 Lv.1,0,,
The Age of Oil,3,Oil Output I,10,2,11220000,3670000,3670000,0,60000,food-output-5 Lv.1; iron-output-5 Lv.1; coin-output-5 Lv.1,0,,
The Age of Oil,3,Oil Output I,10,3,15780000,5220000,5220000,0,60000,food-output-5 Lv.1; iron-output-5 Lv.1; coin-output-5 Lv.1,0,,
The Age of Oil,3,Oil Output I,10,4,15780000,5220000,5220000,0,60000,food-output-5 Lv.1; iron-output-5 Lv.1; coin-output-5 Lv.1,0,,
The Age of Oil,3,Oil Output I,10,5,20400000,6740000,6740000,0,60000,food-output-5 Lv.1; iron-output-5 Lv.1; coin-output-5 Lv.1,0,,
The Age of Oil,3,Oil Output I,10,6,20400000,6740000,6740000,0,60000,food-output-5 Lv.1; iron-output-5 Lv.1; coin-output-5 Lv.1,0,,
The Age of Oil,3,Oil Output I,10,7,25410000,8400000,8400000,0,60000,food-output-5 Lv.1; iron-output-5 Lv.1; coin-output-5 Lv.1,0,,
The Age of Oil,3,Oil Output I,10,8,25410000,8400000,8400000,0,60000,food-output-5 Lv.1; iron-output-5 Lv.1; coin-output-5 Lv.1,0,,
The Age of Oil,3,Oil Output I,10,9,31820000,10610000,10610000,0,60000,food-output-5 Lv.1; iron-output-5 Lv.1; coin-output-5 Lv.1,0,,
The Age of Oil,3,Oil Output I,10,10,31820000,10610000,10610000,0,60000,food-output-5 Lv.1; iron-output-5 Lv.1; coin-output-5 Lv.1,0,,
The Age of Oil,4,Fast Builder V,10,1,11220000,3670000,3670000,0,0,oil-output-1 Lv.10,0,,
The Age of Oil,4,Fast Builder V,10,2,11220000,3670000,3670000,0,0,oil-output-1 Lv.10,0,,
The Age of Oil,4,Fast Builder V,10,3,15780000,5220000,5220000,0,0,oil-output-1 Lv.10,0,,
The Age of Oil,4,Fast Builder V,10,4,15780000,5220000,5220000,0,0,oil-output-1 Lv.10,0,,
The Age of Oil,4,Fast Builder V,10,5,20400000,6740000,6740000,0,0,oil-output-1 Lv.10,0,,
The Age of Oil,4,Fast Builder V,10,6,20400000,6740000,6740000,0,0,oil-output-1 Lv.10,0,,
The Age of Oil,4,Fast Builder V,10,7,25410000,8400000,8400000,0,0,oil-output-1 Lv.10,0,,
The Age of Oil,4,Fast Builder V,10,8,25410000,8400000,8400000,0,0,oil-output-1 Lv.10,0,,
The Age of Oil,4,Fast Builder V,10,9,31820000,10610000,10610000,0,0,oil-output-1 Lv.10,0,,
The Age of Oil,4,Fast Builder V,10,10,31820000,10610000,10610000,0,0,oil-output-1 Lv.10,0,,
The Age of Oil,4,Research Enhancement V,10,1,11220000,3670000,3670000,0,0,oil-output-1 Lv.10,0,,
The Age of Oil,4,Research Enhancement V,10,2,11220000,3670000,3670000,0,0,oil-output-1 Lv.10,0,,
The Age of Oil,4,Research Enhancement V,10,3,15780000,5220000,5220000,0,0,oil-output-1 Lv.10,0,,
The Age of Oil,4,Research Enhancement V,10,4,15780000,5220000,5220000,0,0,oil-output-1 Lv.10,0,,
The Age of Oil,4,Research Enhancement V,10,5,20400000,6740000,6740000,0,0,oil-output-1 Lv.10,0,,
The Age of Oil,4,Research Enhancement V,10,6,20400000,6740000,6740000,0,0,oil-output-1 Lv.10,0,,
The Age of Oil,4,Research Enhancement V,10,7,25410000,8400000,8400000,0,0,oil-output-1 Lv.10,0,,
The Age of Oil,4,Research Enhancement V,10,8,25410000,8400000,8400000,0,0,oil-output-1 Lv.10,0,,
The Age of Oil,4,Research Enhancement V,10,9,31820000,10610000,10610000,0,0,oil-output-1 Lv.10,0,,
The Age of Oil,4,Research Enhancement V,10,10,31820000,10610000,10610000,0,0,oil-output-1 Lv.10,0,,
The Age of Oil,5,3rd Tech Center,1,1,15780000,5220000,5220000,0,180000,fast-builder-5 Lv.1; research-enhancement-5 Lv.1,0,,
The Age of Oil,6,Focused Training V,10,1,15780000,5220000,5220000,0,0,3rd-tech-center Lv.1,0,,
The Age of Oil,6,Focused Training V,10,2,15780000,5220000,5220000,0,0,3rd-tech-center Lv.1,0,,
The Age of Oil,6,Focused Training V,10,3,20417000,6805700,6805700,0,0,3rd-tech-center Lv.1,0,,
The Age of Oil,6,Focused Training V,10,4,20417000,6805700,6805700,0,0,3rd-tech-center Lv.1,0,,
The Age of Oil,6,Focused Training V,10,5,25521300,8507100,8507100,0,0,3rd-tech-center Lv.1,0,,
The Age of Oil,6,Focused Training V,10,6,25521300,8507100,8507100,0,0,3rd-tech-center Lv.1,0,,
The Age of Oil,6,Focused Training V,10,7,31820000,10610000,10610000,0,0,3rd-tech-center Lv.1,0,,
The Age of Oil,6,Focused Training V,10,8,31820000,10610000,10610000,0,0,3rd-tech-center Lv.1,0,,
The Age of Oil,6,Focused Training V,10,9,54140000,18010000,18010000,0,0,3rd-tech-center Lv.1,0,,
The Age of Oil,6,Focused Training V,10,10,54140000,18010000,18010000,0,0,3rd-tech-center Lv.1,0,,
The Age of Oil,6,Rapid Field Dressing V,10,1,15780000,5220000,5220000,0,0,3rd-tech-center Lv.1,0,,
The Age of Oil,6,Rapid Field Dressing V,10,2,15780000,5220000,5220000,0,0,3rd-tech-center Lv.1,0,,
The Age of Oil,6,Rapid Field Dressing V,10,3,20417000,6805700,6805700,0,0,3rd-tech-center Lv.1,0,,
The Age of Oil,6,Rapid Field Dressing V,10,4,20417000,6805700,6805700,0,0,3rd-tech-center Lv.1,0,,
The Age of Oil,6,Rapid Field Dressing V,10,5,25521300,8507100,8507100,0,0,3rd-tech-center Lv.1,0,,
The Age of Oil,6,Rapid Field Dressing V,10,6,25521300,8507100,8507100,0,0,3rd-tech-center Lv.1,0,,
The Age of Oil,6,Rapid Field Dressing V,10,7,31820000,10610000,10610000,0,0,3rd-tech-center Lv.1,0,,
The Age of Oil,6,Rapid Field Dressing V,10,8,31820000,10610000,10610000,0,0,3rd-tech-center Lv.1,0,,
The Age of Oil,6,Rapid Field Dressing V,10,9,54140000,18010000,18010000,0,0,3rd-tech-center Lv.1,0,,
The Age of Oil,6,Rapid Field Dressing V,10,10,54140000,18010000,18010000,0,0,3rd-tech-center Lv.1,0,,
The Age of Oil,7,Oil Output II,10,1,20400000,6740000,6740000,0,120000,focused-training-5 Lv.1; rapid-field-dressing-5 Lv.1,0,,
The Age of Oil,7,Oil Output II,10,2,20400000,6740000,6740000,0,120000,focused-training-5 Lv.1; rapid-field-dressing-5 Lv.1,0,,
The Age of Oil,7,Oil Output II,10,3,25410000,8400000,8400000,0,120000,focused-training-5 Lv.1; rapid-field-dressing-5 Lv.1,0,,
The Age of Oil,7,Oil Output II,10,4,25410000,8400000,8400000,0,120000,focused-training-5 Lv.1; rapid-field-dressing-5 Lv.1,0,,
The Age of Oil,7,Oil Output II,10,5,31820000,10610000,10610000,0,120000,focused-training-5 Lv.1; rapid-field-dressing-5 Lv.1,0,,
The Age of Oil,7,Oil Output II,10,6,31820000,10610000,10610000,0,120000,focused-training-5 Lv.1; rapid-field-dressing-5 Lv.1,0,,
The Age of Oil,7,Oil Output II,10,7,54140000,18010000,18010000,0,120000,focused-training-5 Lv.1; rapid-field-dressing-5 Lv.1,0,,
The Age of Oil,7,Oil Output II,10,8,54140000,18010000,18010000,0,120000,focused-training-5 Lv.1; rapid-field-dressing-5 Lv.1,0,,
The Age of Oil,7,Oil Output II,10,9,75910000,25300000,25300000,0,120000,focused-training-5 Lv.1; rapid-field-dressing-5 Lv.1,0,,
The Age of Oil,7,Oil Output II,10,10,75910000,25300000,25300000,0,120000,focused-training-5 Lv.1; rapid-field-dressing-5 Lv.1,0,,
The Age of Oil,8,Infirmary Expansion V,10,1,20417000,6805700,6805700,0,0,oil-output-2 Lv.10,0,,
The Age of Oil,8,Infirmary Expansion V,10,2,20417000,6805700,6805700,0,0,oil-output-2 Lv.10,0,,
The Age of Oil,8,Infirmary Expansion V,10,3,25521300,8507100,8507100,0,0,oil-output-2 Lv.10,0,,
The Age of Oil,8,Infirmary Expansion V,10,4,25521300,8507100,8507100,0,0,oil-output-2 Lv.10,0,,
The Age of Oil,8,Infirmary Expansion V,10,5,31820000,10610000,10610000,0,0,oil-output-2 Lv.10,0,,
The Age of Oil,8,Infirmary Expansion V,10,6,31820000,10610000,10610000,0,0,oil-output-2 Lv.10,0,,
The Age of Oil,8,Infirmary Expansion V,10,7,54140000,18010000,18010000,0,0,oil-output-2 Lv.10,0,,
The Age of Oil,8,Infirmary Expansion V,10,8,54140000,18010000,18010000,0,0,oil-output-2 Lv.10,0,,
The Age of Oil,8,Infirmary Expansion V,10,9,75910000,25300000,25300000,0,0,oil-output-2 Lv.10,0,,
The Age of Oil,8,Infirmary Expansion V,10,10,75910000,25300000,25300000,0,0,oil-output-2 Lv.10,0,,
The Age of Oil,8,Emergency Capacity I,10,1,20417000,6805700,6805700,0,0,oil-output-2 Lv.10,0,,
The Age of Oil,8,Emergency Capacity I,10,2,20417000,6805700,6805700,0,0,oil-output-2 Lv.10,0,,
The Age of Oil,8,Emergency Capacity I,10,3,25521300,8507100,8507100,0,0,oil-output-2 Lv.10,0,,
The Age of Oil,8,Emergency Capacity I,10,4,25521300,8507100,8507100,0,0,oil-output-2 Lv.10,0,,
The Age of Oil,8,Emergency Capacity I,10,5,31820000,10610000,10610000,0,0,oil-output-2 Lv.10,0,,
The Age of Oil,8,Emergency Capacity I,10,6,31820000,10610000,10610000,0,0,oil-output-2 Lv.10,0,,
The Age of Oil,8,Emergency Capacity I,10,7,54140000,18010000,18010000,0,0,oil-output-2 Lv.10,0,,
The Age of Oil,8,Emergency Capacity I,10,8,54140000,18010000,18010000,0,0,oil-output-2 Lv.10,0,,
The Age of Oil,8,Emergency Capacity I,10,9,75910000,25300000,25300000,0,0,oil-output-2 Lv.10,0,,
The Age of Oil,8,Emergency Capacity I,10,10,75910000,25300000,25300000,0,0,oil-output-2 Lv.10,0,,
The Age of Oil,9,More Oil Wells,1,1,25521300,8507100,8507100,0,0,infirmary-expansion-5 Lv.1; emergency-capacity-1 Lv.1,0,,
The Age of Oil,10,Training Cost I,10,1,25521300,8507100,8507100,0,0,more-oil-wells Lv.1,0,,
The Age of Oil,10,Training Cost I,10,2,25521300,8507100,8507100,0,0,more-oil-wells Lv.1,0,,
The Age of Oil,10,Training Cost I,10,3,31820000,10610000,10610000,0,0,more-oil-wells Lv.1,0,,
The Age of Oil,10,Training Cost I,10,4,31820000,10610000,10610000,0,0,more-oil-wells Lv.1,0,,
The Age of Oil,10,Training Cost I,10,5,54140000,18010000,18010000,0,0,more-oil-wells Lv.1,0,,
The Age of Oil,10,Training Cost I,10,6,54140000,18010000,18010000,0,0,more-oil-wells Lv.1,0,,
The Age of Oil,10,Training Cost I,10,7,75910000,25300000,25300000,0,0,more-oil-wells Lv.1,0,,
The Age of Oil,10,Training Cost I,10,8,75910000,25300000,25300000,0,0,more-oil-wells Lv.1,0,,
The Age of Oil,10,Training Cost I,10,9,98700000,32800000,32800000,0,0,more-oil-wells Lv.1,0,,
The Age of Oil,10,Training Cost I,10,10,98700000,32800000,32800000,0,0,more-oil-wells Lv.1,0,,
The Age of Oil,10,Healing Cost II,10,1,25521300,8507100,8507100,0,0,more-oil-wells Lv.1,0,,
The Age of Oil,10,Healing Cost II,10,2,25521300,8507100,8507100,0,0,more-oil-wells Lv.1,0,,
The Age of Oil,10,Healing Cost II,10,3,31820000,10610000,10610000,0,0,more-oil-wells Lv.1,0,,
The Age of Oil,10,Healing Cost II,10,4,31820000,10610000,10610000,0,0,more-oil-wells Lv.1,0,,
The Age of Oil,10,Healing Cost II,10,5,54140000,18010000,18010000,0,0,more-oil-wells Lv.1,0,,
The Age of Oil,10,Healing Cost II,10,6,54140000,18010000,18010000,0,0,more-oil-wells Lv.1,0,,
The Age of Oil,10,Healing Cost II,10,7,75910000,25300000,25300000,0,0,more-oil-wells Lv.1,0,,
The Age of Oil,10,Healing Cost II,10,8,75910000,25300000,25300000,0,0,more-oil-wells Lv.1,0,,
The Age of Oil,10,Healing Cost II,10,9,98700000,32800000,32800000,0,0,more-oil-wells Lv.1,0,,
The Age of Oil,10,Healing Cost II,10,10,98700000,32800000,32800000,0,0,more-oil-wells Lv.1,0,,
The Age of Oil,11,Parts Workshop,1,1,31820000,10610000,10610000,0,120000,training-cost-1 Lv.1; healing-cost-2 Lv.1,0,,
The Age of Oil,12,Oil Output III,10,1,31820000,10610000,10610000,0,120000,parts-workshop Lv.1,0,,
The Age of Oil,12,Oil Output III,10,2,31820000,10610000,10610000,0,120000,parts-workshop Lv.1,0,,
The Age of Oil,12,Oil Output III,10,3,54140000,18010000,18010000,0,120000,parts-workshop Lv.1,0,,
The Age of Oil,12,Oil Output III,10,4,54140000,18010000,18010000,0,120000,parts-workshop Lv.1,0,,
The Age of Oil,12,Oil Output III,10,5,75910000,25300000,25300000,0,120000,parts-workshop Lv.1,0,,
The Age of Oil,12,Oil Output III,10,6,75910000,25300000,25300000,0,120000,parts-workshop Lv.1,0,,
The Age of Oil,12,Oil Output III,10,7,98700000,32800000,32800000,0,120000,parts-workshop Lv.1,0,,
The Age of Oil,12,Oil Output III,10,8,98700000,32800000,32800000,0,120000,parts-workshop Lv.1,0,,
The Age of Oil,12,Oil Output III,10,9,138110000,46000000,46000000,0,120000,parts-workshop Lv.1,0,,
The Age of Oil,12,Oil Output III,10,10,138110000,46000000,46000000,0,120000,parts-workshop Lv.1,0,,
The Age of Oil,13,Base Expansion,1,1,193440000,64440000,64440000,0,600000,oil-output-3 Lv.10,0,,
Tactical Weapon,1,Support: Hero HP I,10,1,135580000,45160000,45160000,2000,0,Troop Type Mastery,0,,
Tactical Weapon,1,Support: Hero HP I,10,2,135580000,45160000,45160000,2000,0,Troop Type Mastery,0,,
Tactical Weapon,1,Support: Hero HP I,10,3,189790000,63260000,63260000,2250,0,Troop Type Mastery,0,,
Tactical Weapon,1,Support: Hero HP I,10,4,189790000,63260000,63260000,2250,0,Troop Type Mastery,0,,
Tactical Weapon,1,Support: Hero HP I,10,5,246670000,82220000,82220000,2500,0,Troop Type Mastery,0,,
Tactical Weapon,1,Support: Hero HP I,10,6,246670000,82220000,82220000,2500,0,Troop Type Mastery,0,,
Tactical Weapon,1,Support: Hero HP I,10,7,363825000,122000000,122000000,2750,0,Troop Type Mastery,0,,
Tactical Weapon,1,Support: Hero HP I,10,8,363825000,122000000,122000000,2750,0,Troop Type Mastery,0,,
Tactical Weapon,1,Support: Hero HP I,10,9,480980000,161200000,161200000,3000,0,Troop Type Mastery,0,,
Tactical Weapon,1,Support: Hero HP I,10,10,480980000,161200000,161200000,3000,0,Troop Type Mastery,0,,
Tactical Weapon,1,Support: Hero Attack I,10,1,135580000,45160000,45160000,2000,0,Troop Type Mastery,0,,
Tactical Weapon,1,Support: Hero Attack I,10,2,135580000,45160000,45160000,2000,0,Troop Type Mastery,0,,
Tactical Weapon,1,Support: Hero Attack I,10,3,189790000,63260000,63260000,2250,0,Troop Type Mastery,0,,
Tactical Weapon,1,Support: Hero Attack I,10,4,189790000,63260000,63260000,2250,0,Troop Type Mastery,0,,
Tactical Weapon,1,Support: Hero Attack I,10,5,246670000,82220000,82220000,2500,0,Troop Type Mastery,0,,
Tactical Weapon,1,Support: Hero Attack I,10,6,246670000,82220000,82220000,2500,0,Troop Type Mastery,0,,
Tactical Weapon,1,Support: Hero Attack I,10,7,363825000,122000000,122000000,2750,0,Troop Type Mastery,0,,
Tactical Weapon,1,Support: Hero Attack I,10,8,363825000,122000000,122000000,2750,0,Troop Type Mastery,0,,
Tactical Weapon,1,Support: Hero Attack I,10,9,480980000,161200000,161200000,3000,0,Troop Type Mastery,0,,
Tactical Weapon,1,Support: Hero Attack I,10,10,480980000,161200000,161200000,3000,0,Troop Type Mastery,0,,
Tactical Weapon,1,Support: Hero Defense I,10,1,135580000,45160000,45160000,2000,0,Troop Type Mastery,0,,
Tactical Weapon,1,Support: Hero Defense I,10,2,135580000,45160000,45160000,2000,0,Troop Type Mastery,0,,
Tactical Weapon,1,Support: Hero Defense I,10,3,189790000,63260000,63260000,2250,0,Troop Type Mastery,0,,
Tactical Weapon,1,Support: Hero Defense I,10,4,189790000,63260000,63260000,2250,0,Troop Type Mastery,0,,
Tactical Weapon,1,Support: Hero Defense I,10,5,246670000,82220000,82220000,2500,0,Troop Type Mastery,0,,
Tactical Weapon,1,Support: Hero Defense I,10,6,246670000,82220000,82220000,2500,0,Troop Type Mastery,0,,
Tactical Weapon,1,Support: Hero Defense I,10,7,363825000,122000000,122000000,2750,0,Troop Type Mastery,0,,
Tactical Weapon,1,Support: Hero Defense I,10,8,363825000,122000000,122000000,2750,0,Troop Type Mastery,0,,
Tactical Weapon,1,Support: Hero Defense I,10,9,480980000,161200000,161200000,3000,0,Troop Type Mastery,0,,
Tactical Weapon,1,Support: Hero Defense I,10,10,480980000,161200000,161200000,3000,0,Troop Type Mastery,0,,
Tactical Weapon,2,Enhancement: Drone HP I,10,1,135580000,45160000,45160000,2000,0,support-hero-hp-1 Lv.1; support-hero-attack-1 Lv.1; support-hero-defense-1 Lv.1,0,,
Tactical Weapon,2,Enhancement: Drone HP I,10,2,135580000,45160000,45160000,2000,0,support-hero-hp-1 Lv.1; support-hero-attack-1 Lv.1; support-hero-defense-1 Lv.1,0,,
Tactical Weapon,2,Enhancement: Drone HP I,10,3,189790000,63260000,63260000,2250,0,support-hero-hp-1 Lv.1; support-hero-attack-1 Lv.1; support-hero-defense-1 Lv.1,0,,
Tactical Weapon,2,Enhancement: Drone HP I,10,4,189790000,63260000,63260000,2250,0,support-hero-hp-1 Lv.1; support-hero-attack-1 Lv.1; support-hero-defense-1 Lv.1,0,,
Tactical Weapon,2,Enhancement: Drone HP I,10,5,246670000,82220000,82220000,2500,0,support-hero-hp-1 Lv.1; support-hero-attack-1 Lv.1; support-hero-defense-1 Lv.1,0,,
Tactical Weapon,2,Enhancement: Drone HP I,10,6,246670000,82220000,82220000,2500,0,support-hero-hp-1 Lv.1; support-hero-attack-1 Lv.1; support-hero-defense-1 Lv.1,0,,
Tactical Weapon,2,Enhancement: Drone HP I,10,7,363825000,122000000,122000000,2750,0,support-hero-hp-1 Lv.1; support-hero-attack-1 Lv.1; support-hero-defense-1 Lv.1,0,,
Tactical Weapon,2,Enhancement: Drone HP I,10,8,363825000,122000000,122000000,2750,0,support-hero-hp-1 Lv.1; support-hero-attack-1 Lv.1; support-hero-defense-1 Lv.1,0,,
Tactical Weapon,2,Enhancement: Drone HP I,10,9,480980000,161200000,161200000,3000,0,support-hero-hp-1 Lv.1; support-hero-attack-1 Lv.1; support-hero-defense-1 Lv.1,0,,
Tactical Weapon,2,Enhancement: Drone HP I,10,10,480980000,161200000,161200000,3000,0,support-hero-hp-1 Lv.1; support-hero-attack-1 Lv.1; support-hero-defense-1 Lv.1,0,,
Tactical Weapon,2,Enhancement: Drone Attack I,10,1,135580000,45160000,45160000,2000,0,support-hero-hp-1 Lv.1; support-hero-attack-1 Lv.1; support-hero-defense-1 Lv.1,0,,
Tactical Weapon,2,Enhancement: Drone Attack I,10,2,135580000,45160000,45160000,2000,0,support-hero-hp-1 Lv.1; support-hero-attack-1 Lv.1; support-hero-defense-1 Lv.1,0,,
Tactical Weapon,2,Enhancement: Drone Attack I,10,3,189790000,63260000,63260000,2250,0,support-hero-hp-1 Lv.1; support-hero-attack-1 Lv.1; support-hero-defense-1 Lv.1,0,,
Tactical Weapon,2,Enhancement: Drone Attack I,10,4,189790000,63260000,63260000,2250,0,support-hero-hp-1 Lv.1; support-hero-attack-1 Lv.1; support-hero-defense-1 Lv.1,0,,
Tactical Weapon,2,Enhancement: Drone Attack I,10,5,246670000,82220000,82220000,2500,0,support-hero-hp-1 Lv.1; support-hero-attack-1 Lv.1; support-hero-defense-1 Lv.1,0,,
Tactical Weapon,2,Enhancement: Drone Attack I,10,6,246670000,82220000,82220000,2500,0,support-hero-hp-1 Lv.1; support-hero-attack-1 Lv.1; support-hero-defense-1 Lv.1,0,,
Tactical Weapon,2,Enhancement: Drone Attack I,10,7,363825000,122000000,122000000,2750,0,support-hero-hp-1 Lv.1; support-hero-attack-1 Lv.1; support-hero-defense-1 Lv.1,0,,
Tactical Weapon,2,Enhancement: Drone Attack I,10,8,363825000,122000000,122000000,2750,0,support-hero-hp-1 Lv.1; support-hero-attack-1 Lv.1; support-hero-defense-1 Lv.1,0,,
Tactical Weapon,2,Enhancement: Drone Attack I,10,9,480980000,161200000,161200000,3000,0,support-hero-hp-1 Lv.1; support-hero-attack-1 Lv.1; support-hero-defense-1 Lv.1,0,,
Tactical Weapon,2,Enhancement: Drone Attack I,10,10,480980000,161200000,161200000,3000,0,support-hero-hp-1 Lv.1; support-hero-attack-1 Lv.1; support-hero-defense-1 Lv.1,0,,
Tactical Weapon,2,Enhancement: Drone Defense I,10,1,135580000,45160000,45160000,2000,0,support-hero-hp-1 Lv.1; support-hero-attack-1 Lv.1; support-hero-defense-1 Lv.1,0,,
Tactical Weapon,2,Enhancement: Drone Defense I,10,2,135580000,45160000,45160000,2000,0,support-hero-hp-1 Lv.1; support-hero-attack-1 Lv.1; support-hero-defense-1 Lv.1,0,,
Tactical Weapon,2,Enhancement: Drone Defense I,10,3,189790000,63260000,63260000,2250,0,support-hero-hp-1 Lv.1; support-hero-attack-1 Lv.1; support-hero-defense-1 Lv.1,0,,
Tactical Weapon,2,Enhancement: Drone Defense I,10,4,189790000,63260000,63260000,2250,0,support-hero-hp-1 Lv.1; support-hero-attack-1 Lv.1; support-hero-defense-1 Lv.1,0,,
Tactical Weapon,2,Enhancement: Drone Defense I,10,5,246670000,82220000,82220000,2500,0,support-hero-hp-1 Lv.1; support-hero-attack-1 Lv.1; support-hero-defense-1 Lv.1,0,,
Tactical Weapon,2,Enhancement: Drone Defense I,10,6,246670000,82220000,82220000,2500,0,support-hero-hp-1 Lv.1; support-hero-attack-1 Lv.1; support-hero-defense-1 Lv.1,0,,
Tactical Weapon,2,Enhancement: Drone Defense I,10,7,363825000,122000000,122000000,2750,0,support-hero-hp-1 Lv.1; support-hero-attack-1 Lv.1; support-hero-defense-1 Lv.1,0,,
Tactical Weapon,2,Enhancement: Drone Defense I,10,8,363825000,122000000,122000000,2750,0,support-hero-hp-1 Lv.1; support-hero-attack-1 Lv.1; support-hero-defense-1 Lv.1,0,,
Tactical Weapon,2,Enhancement: Drone Defense I,10,9,480980000,161200000,161200000,3000,0,support-hero-hp-1 Lv.1; support-hero-attack-1 Lv.1; support-hero-defense-1 Lv.1,0,,
Tactical Weapon,2,Enhancement: Drone Defense I,10,10,480980000,161200000,161200000,3000,0,support-hero-hp-1 Lv.1; support-hero-attack-1 Lv.1; support-hero-defense-1 Lv.1,0,,
Tactical Weapon,3,Assistance: HP Conversion I,10,1,135580000,45160000,45160000,2000,0,enhancement-drone-hp-1 Lv.1; enhancement-drone-attack-1 Lv.1; enhancement-drone-defense-1 Lv.1,0,,
Tactical Weapon,3,Assistance: HP Conversion I,10,2,135580000,45160000,45160000,2000,0,enhancement-drone-hp-1 Lv.1; enhancement-drone-attack-1 Lv.1; enhancement-drone-defense-1 Lv.1,0,,
Tactical Weapon,3,Assistance: HP Conversion I,10,3,189790000,63260000,63260000,2250,0,enhancement-drone-hp-1 Lv.1; enhancement-drone-attack-1 Lv.1; enhancement-drone-defense-1 Lv.1,0,,
Tactical Weapon,3,Assistance: HP Conversion I,10,4,189790000,63260000,63260000,2250,0,enhancement-drone-hp-1 Lv.1; enhancement-drone-attack-1 Lv.1; enhancement-drone-defense-1 Lv.1,0,,
Tactical Weapon,3,Assistance: HP Conversion I,10,5,246670000,82220000,82220000,2500,0,enhancement-drone-hp-1 Lv.1; enhancement-drone-attack-1 Lv.1; enhancement-drone-defense-1 Lv.1,0,,
Tactical Weapon,3,Assistance: HP Conversion I,10,6,246670000,82220000,82220000,2500,0,enhancement-drone-hp-1 Lv.1; enhancement-drone-attack-1 Lv.1; enhancement-drone-defense-1 Lv.1,0,,
Tactical Weapon,3,Assistance: HP Conversion I,10,7,363825000,122000000,122000000,2750,0,enhancement-drone-hp-1 Lv.1; enhancement-drone-attack-1 Lv.1; enhancement-drone-defense-1 Lv.1,0,,
Tactical Weapon,3,Assistance: HP Conversion I,10,8,363825000,122000000,122000000,2750,0,enhancement-drone-hp-1 Lv.1; enhancement-drone-attack-1 Lv.1; enhancement-drone-defense-1 Lv.1,0,,
Tactical Weapon,3,Assistance: HP Conversion I,10,9,480980000,161200000,161200000,3000,0,enhancement-drone-hp-1 Lv.1; enhancement-drone-attack-1 Lv.1; enhancement-drone-defense-1 Lv.1,0,,
Tactical Weapon,3,Assistance: HP Conversion I,10,10,480980000,161200000,161200000,3000,0,enhancement-drone-hp-1 Lv.1; enhancement-drone-attack-1 Lv.1; enhancement-drone-defense-1 Lv.1,0,,
Tactical Weapon,3,Assistance: Attack Conversion I,10,1,135580000,45160000,45160000,2000,0,enhancement-drone-hp-1 Lv.1; enhancement-drone-attack-1 Lv.1; enhancement-drone-defense-1 Lv.1,0,,
Tactical Weapon,3,Assistance: Attack Conversion I,10,2,135580000,45160000,45160000,2000,0,enhancement-drone-hp-1 Lv.1; enhancement-drone-attack-1 Lv.1; enhancement-drone-defense-1 Lv.1,0,,
Tactical Weapon,3,Assistance: Attack Conversion I,10,3,189790000,63260000,63260000,2250,0,enhancement-drone-hp-1 Lv.1; enhancement-drone-attack-1 Lv.1; enhancement-drone-defense-1 Lv.1,0,,
Tactical Weapon,3,Assistance: Attack Conversion I,10,4,189790000,63260000,63260000,2250,0,enhancement-drone-hp-1 Lv.1; enhancement-drone-attack-1 Lv.1; enhancement-drone-defense-1 Lv.1,0,,
Tactical Weapon,3,Assistance: Attack Conversion I,10,5,246670000,82220000,82220000,2500,0,enhancement-drone-hp-1 Lv.1; enhancement-drone-attack-1 Lv.1; enhancement-drone-defense-1 Lv.1,0,,
Tactical Weapon,3,Assistance: Attack Conversion I,10,6,246670000,82220000,82220000,2500,0,enhancement-drone-hp-1 Lv.1; enhancement-drone-attack-1 Lv.1; enhancement-drone-defense-1 Lv.1,0,,
Tactical Weapon,3,Assistance: Attack Conversion I,10,7,363825000,122000000,122000000,2750,0,enhancement-drone-hp-1 Lv.1; enhancement-drone-attack-1 Lv.1; enhancement-drone-defense-1 Lv.1,0,,
Tactical Weapon,3,Assistance: Attack Conversion I,10,8,363825000,122000000,122000000,2750,0,enhancement-drone-hp-1 Lv.1; enhancement-drone-attack-1 Lv.1; enhancement-drone-defense-1 Lv.1,0,,
Tactical Weapon,3,Assistance: Attack Conversion I,10,9,480980000,161200000,161200000,3000,0,enhancement-drone-hp-1 Lv.1; enhancement-drone-attack-1 Lv.1; enhancement-drone-defense-1 Lv.1,0,,
Tactical Weapon,3,Assistance: Attack Conversion I,10,10,480980000,161200000,161200000,3000,0,enhancement-drone-hp-1 Lv.1; enhancement-drone-attack-1 Lv.1; enhancement-drone-defense-1 Lv.1,0,,
Tactical Weapon,3,Assistance: Defense Conversion I,10,1,135580000,45160000,45160000,2000,0,enhancement-drone-hp-1 Lv.1; enhancement-drone-attack-1 Lv.1; enhancement-drone-defense-1 Lv.1,0,,
Tactical Weapon,3,Assistance: Defense Conversion I,10,2,135580000,45160000,45160000,2000,0,enhancement-drone-hp-1 Lv.1; enhancement-drone-attack-1 Lv.1; enhancement-drone-defense-1 Lv.1,0,,
Tactical Weapon,3,Assistance: Defense Conversion I,10,3,189790000,63260000,63260000,2250,0,enhancement-drone-hp-1 Lv.1; enhancement-drone-attack-1 Lv.1; enhancement-drone-defense-1 Lv.1,0,,
Tactical Weapon,3,Assistance: Defense Conversion I,10,4,189790000,63260000,63260000,2250,0,enhancement-drone-hp-1 Lv.1; enhancement-drone-attack-1 Lv.1; enhancement-drone-defense-1 Lv.1,0,,
Tactical Weapon,3,Assistance: Defense Conversion I,10,5,246670000,82220000,82220000,2500,0,enhancement-drone-hp-1 Lv.1; enhancement-drone-attack-1 Lv.1; enhancement-drone-defense-1 Lv.1,0,,
Tactical Weapon,3,Assistance: Defense Conversion I,10,6,246670000,82220000,82220000,2500,0,enhancement-drone-hp-1 Lv.1; enhancement-drone-attack-1 Lv.1; enhancement-drone-defense-1 Lv.1,0,,
Tactical Weapon,3,Assistance: Defense Conversion I,10,7,363825000,122000000,122000000,2750,0,enhancement-drone-hp-1 Lv.1; enhancement-drone-attack-1 Lv.1; enhancement-drone-defense-1 Lv.1,0,,
Tactical Weapon,3,Assistance: Defense Conversion I,10,8,363825000,122000000,122000000,2750,0,enhancement-drone-hp-1 Lv.1; enhancement-drone-attack-1 Lv.1; enhancement-drone-defense-1 Lv.1,0,,
Tactical Weapon,3,Assistance: Defense Conversion I,10,9,480980000,161200000,161200000,3000,0,enhancement-drone-hp-1 Lv.1; enhancement-drone-attack-1 Lv.1; enhancement-drone-defense-1 Lv.1,0,,
Tactical Weapon,3,Assistance: Defense Conversion I,10,10,480980000,161200000,161200000,3000,0,enhancement-drone-hp-1 Lv.1; enhancement-drone-attack-1 Lv.1; enhancement-drone-defense-1 Lv.1,0,,
Tactical Weapon,4,Limit Break: Skill Star I,1,1,483580000,161600000,161600000,7500,0,assistance-hp-conversion-1 Lv.10; assistance-attack-conversion-1 Lv.10; assistance-defense-conversion-1 Lv.10,0,,
Tactical Weapon,5,Support: Hero HP II,10,1,189790000,63260000,63260000,2250,0,limit-break-skill-star-1 Lv.1,0,,
Tactical Weapon,5,Support: Hero HP II,10,2,189790000,63260000,63260000,2250,0,limit-break-skill-star-1 Lv.1,0,,
Tactical Weapon,5,Support: Hero HP II,10,3,246670000,82220000,82220000,2500,0,limit-break-skill-star-1 Lv.1,0,,
Tactical Weapon,5,Support: Hero HP II,10,4,246670000,82220000,82220000,2500,0,limit-break-skill-star-1 Lv.1,0,,
Tactical Weapon,5,Support: Hero HP II,10,5,363825000,122000000,122000000,2750,0,limit-break-skill-star-1 Lv.1,0,,
Tactical Weapon,5,Support: Hero HP II,10,6,363825000,122000000,122000000,2750,0,limit-break-skill-star-1 Lv.1,0,,
Tactical Weapon,5,Support: Hero HP II,10,7,480980000,161200000,161200000,3000,0,limit-break-skill-star-1 Lv.1,0,,
Tactical Weapon,5,Support: Hero HP II,10,8,480980000,161200000,161200000,3000,0,limit-break-skill-star-1 Lv.1,0,,
Tactical Weapon,5,Support: Hero HP II,10,9,677000000,225670000,225670000,3250,0,limit-break-skill-star-1 Lv.1,0,,
Tactical Weapon,5,Support: Hero HP II,10,10,677000000,225670000,225670000,3250,0,limit-break-skill-star-1 Lv.1,0,,
Tactical Weapon,5,Support: Hero Attack II,10,1,189790000,63260000,63260000,2250,0,limit-break-skill-star-1 Lv.1,0,,
Tactical Weapon,5,Support: Hero Attack II,10,2,189790000,63260000,63260000,2250,0,limit-break-skill-star-1 Lv.1,0,,
Tactical Weapon,5,Support: Hero Attack II,10,3,246670000,82220000,82220000,2500,0,limit-break-skill-star-1 Lv.1,0,,
Tactical Weapon,5,Support: Hero Attack II,10,4,246670000,82220000,82220000,2500,0,limit-break-skill-star-1 Lv.1,0,,
Tactical Weapon,5,Support: Hero Attack II,10,5,363825000,122000000,122000000,2750,0,limit-break-skill-star-1 Lv.1,0,,
Tactical Weapon,5,Support: Hero Attack II,10,6,363825000,122000000,122000000,2750,0,limit-break-skill-star-1 Lv.1,0,,
Tactical Weapon,5,Support: Hero Attack II,10,7,480980000,161200000,161200000,3000,0,limit-break-skill-star-1 Lv.1,0,,
Tactical Weapon,5,Support: Hero Attack II,10,8,480980000,161200000,161200000,3000,0,limit-break-skill-star-1 Lv.1,0,,
Tactical Weapon,5,Support: Hero Attack II,10,9,677000000,225670000,225670000,3250,0,limit-break-skill-star-1 Lv.1,0,,
Tactical Weapon,5,Support: Hero Attack II,10,10,677000000,225670000,225670000,3250,0,limit-break-skill-star-1 Lv.1,0,,
Tactical Weapon,5,Support: Hero Defense II,10,1,189790000,63260000,63260000,2250,0,limit-break-skill-star-1 Lv.1,0,,
Tactical Weapon,5,Support: Hero Defense II,10,2,189790000,63260000,63260000,2250,0,limit-break-skill-star-1 Lv.1,0,,
Tactical Weapon,5,Support: Hero Defense II,10,3,246670000,82220000,82220000,2500,0,limit-break-skill-star-1 Lv.1,0,,
Tactical Weapon,5,Support: Hero Defense II,10,4,246670000,82220000,82220000,2500,0,limit-break-skill-star-1 Lv.1,0,,
Tactical Weapon,5,Support: Hero Defense II,10,5,363825000,122000000,122000000,2750,0,limit-break-skill-star-1 Lv.1,0,,
Tactical Weapon,5,Support: Hero Defense II,10,6,363825000,122000000,122000000,2750,0,limit-break-skill-star-1 Lv.1,0,,
Tactical Weapon,5,Support: Hero Defense II,10,7,480980000,161200000,161200000,3000,0,limit-break-skill-star-1 Lv.1,0,,
Tactical Weapon,5,Support: Hero Defense II,10,8,480980000,161200000,161200000,3000,0,limit-break-skill-star-1 Lv.1,0,,
Tactical Weapon,5,Support: Hero Defense II,10,9,677000000,225670000,225670000,3250,0,limit-break-skill-star-1 Lv.1,0,,
Tactical Weapon,5,Support: Hero Defense II,10,10,677000000,225670000,225670000,3250,0,limit-break-skill-star-1 Lv.1,0,,
Tactical Weapon,6,Enhancement: Drone HP II,10,1,189790000,63260000,63260000,2250,0,support-hero-hp-2 Lv.1,0,,
Tactical Weapon,6,Enhancement: Drone HP II,10,2,189790000,63260000,63260000,2250,0,support-hero-hp-2 Lv.1,0,,
Tactical Weapon,6,Enhancement: Drone HP II,10,3,246670000,82220000,82220000,2500,0,support-hero-hp-2 Lv.1,0,,
Tactical Weapon,6,Enhancement: Drone HP II,10,4,246670000,82220000,82220000,2500,0,support-hero-hp-2 Lv.1,0,,
Tactical Weapon,6,Enhancement: Drone HP II,10,5,363825000,122000000,122000000,2750,0,support-hero-hp-2 Lv.1,0,,
Tactical Weapon,6,Enhancement: Drone HP II,10,6,363825000,122000000,122000000,2750,0,support-hero-hp-2 Lv.1,0,,
Tactical Weapon,6,Enhancement: Drone HP II,10,7,480980000,161200000,161200000,3000,0,support-hero-hp-2 Lv.1,0,,
Tactical Weapon,6,Enhancement: Drone HP II,10,8,480980000,161200000,161200000,3000,0,support-hero-hp-2 Lv.1,0,,
Tactical Weapon,6,Enhancement: Drone HP II,10,9,677000000,225670000,225670000,3250,0,support-hero-hp-2 Lv.1,0,,
Tactical Weapon,6,Enhancement: Drone HP II,10,10,677000000,225670000,225670000,3250,0,support-hero-hp-2 Lv.1,0,,
Tactical Weapon,6,Enhancement: Drone Attack II,10,1,189790000,63260000,63260000,2250,0,support-hero-attack-2 Lv.1,0,,
Tactical Weapon,6,Enhancement: Drone Attack II,10,2,189790000,63260000,63260000,2250,0,support-hero-attack-2 Lv.1,0,,
Tactical Weapon,6,Enhancement: Drone Attack II,10,3,246670000,82220000,82220000,2500,0,support-hero-attack-2 Lv.1,0,,
Tactical Weapon,6,Enhancement: Drone Attack II,10,4,246670000,82220000,82220000,2500,0,support-hero-attack-2 Lv.1,0,,
Tactical Weapon,6,Enhancement: Drone Attack II,10,5,363825000,122000000,122000000,2750,0,support-hero-attack-2 Lv.1,0,,
Tactical Weapon,6,Enhancement: Drone Attack II,10,6,363825000,122000000,122000000,2750,0,support-hero-attack-2 Lv.1,0,,
Tactical Weapon,6,Enhancement: Drone Attack II,10,7,480980000,161200000,161200000,3000,0,support-hero-attack-2 Lv.1,0,,
Tactical Weapon,6,Enhancement: Drone Attack II,10,8,480980000,161200000,161200000,3000,0,support-hero-attack-2 Lv.1,0,,
Tactical Weapon,6,Enhancement: Drone Attack II,10,9,677000000,225670000,225670000,3250,0,support-hero-attack-2 Lv.1,0,,
Tactical Weapon,6,Enhancement: Drone Attack II,10,10,677000000,225670000,225670000,3250,0,support-hero-attack-2 Lv.1,0,,
Tactical Weapon,6,Enhancement: Drone Defense II,10,1,189790000,63260000,63260000,2250,0,support-hero-defense-2 Lv.1,0,,
Tactical Weapon,6,Enhancement: Drone Defense II,10,2,189790000,63260000,63260000,2250,0,support-hero-defense-2 Lv.1,0,,
Tactical Weapon,6,Enhancement: Drone Defense II,10,3,246670000,82220000,82220000,2500,0,support-hero-defense-2 Lv.1,0,,
Tactical Weapon,6,Enhancement: Drone Defense II,10,4,246670000,82220000,82220000,2500,0,support-hero-defense-2 Lv.1,0,,
Tactical Weapon,6,Enhancement: Drone Defense II,10,5,363825000,122000000,122000000,2750,0,support-hero-defense-2 Lv.1,0,,
Tactical Weapon,6,Enhancement: Drone Defense II,10,6,363825000,122000000,122000000,2750,0,support-hero-defense-2 Lv.1,0,,
Tactical Weapon,6,Enhancement: Drone Defense II,10,7,480980000,161200000,161200000,3000,0,support-hero-defense-2 Lv.1,0,,
Tactical Weapon,6,Enhancement: Drone Defense II,10,8,480980000,161200000,161200000,3000,0,support-hero-defense-2 Lv.1,0,,
Tactical Weapon,6,Enhancement: Drone Defense II,10,9,677000000,225670000,225670000,3250,0,support-hero-defense-2 Lv.1,0,,
Tactical Weapon,6,Enhancement: Drone Defense II,10,10,677000000,225670000,225670000,3250,0,support-hero-defense-2 Lv.1,0,,
Tactical Weapon,7,Assistance: HP Conversion II,10,1,189790000,63260000,63260000,2250,0,enhancement-drone-hp-2 Lv.1,0,,
Tactical Weapon,7,Assistance: HP Conversion II,10,2,189790000,63260000,63260000,2250,0,enhancement-drone-hp-2 Lv.1,0,,
Tactical Weapon,7,Assistance: HP Conversion II,10,3,246670000,82220000,82220000,2500,0,enhancement-drone-hp-2 Lv.1,0,,
Tactical Weapon,7,Assistance: HP Conversion II,10,4,246670000,82220000,82220000,2500,0,enhancement-drone-hp-2 Lv.1,0,,
Tactical Weapon,7,Assistance: HP Conversion II,10,5,363825000,122000000,122000000,2750,0,enhancement-drone-hp-2 Lv.1,0,,
Tactical Weapon,7,Assistance: HP Conversion II,10,6,363825000,122000000,122000000,2750,0,enhancement-drone-hp-2 Lv.1,0,,
Tactical Weapon,7,Assistance: HP Conversion II,10,7,480980000,161200000,161200000,3000,0,enhancement-drone-hp-2 Lv.1,0,,
Tactical Weapon,7,Assistance: HP Conversion II,10,8,480980000,161200000,161200000,3000,0,enhancement-drone-hp-2 Lv.1,0,,
Tactical Weapon,7,Assistance: HP Conversion II,10,9,677000000,225670000,225670000,3250,0,enhancement-drone-hp-2 Lv.1,0,,
Tactical Weapon,7,Assistance: HP Conversion II,10,10,677000000,225670000,225670000,3250,0,enhancement-drone-hp-2 Lv.1,0,,
Tactical Weapon,7,Assistance: Attack Conversion II,10,1,189790000,63260000,63260000,2250,0,enhancement-drone-attack-2 Lv.1,0,,
Tactical Weapon,7,Assistance: Attack Conversion II,10,2,189790000,63260000,63260000,2250,0,enhancement-drone-attack-2 Lv.1,0,,
Tactical Weapon,7,Assistance: Attack Conversion II,10,3,246670000,82220000,82220000,2500,0,enhancement-drone-attack-2 Lv.1,0,,
Tactical Weapon,7,Assistance: Attack Conversion II,10,4,246670000,82220000,82220000,2500,0,enhancement-drone-attack-2 Lv.1,0,,
Tactical Weapon,7,Assistance: Attack Conversion II,10,5,363825000,122000000,122000000,2750,0,enhancement-drone-attack-2 Lv.1,0,,
Tactical Weapon,7,Assistance: Attack Conversion II,10,6,363825000,122000000,122000000,2750,0,enhancement-drone-attack-2 Lv.1,0,,
Tactical Weapon,7,Assistance: Attack Conversion II,10,7,480980000,161200000,161200000,3000,0,enhancement-drone-attack-2 Lv.1,0,,
Tactical Weapon,7,Assistance: Attack Conversion II,10,8,480980000,161200000,161200000,3000,0,enhancement-drone-attack-2 Lv.1,0,,
Tactical Weapon,7,Assistance: Attack Conversion II,10,9,677000000,225670000,225670000,3250,0,enhancement-drone-attack-2 Lv.1,0,,
Tactical Weapon,7,Assistance: Attack Conversion II,10,10,677000000,225670000,225670000,3250,0,enhancement-drone-attack-2 Lv.1,0,,
Tactical Weapon,7,Assistance: Defense Conversion II,10,1,189790000,63260000,63260000,2250,0,enhancement-drone-defense-2 Lv.1,0,,
Tactical Weapon,7,Assistance: Defense Conversion II,10,2,189790000,63260000,63260000,2250,0,enhancement-drone-defense-2 Lv.1,0,,
Tactical Weapon,7,Assistance: Defense Conversion II,10,3,246670000,82220000,82220000,2500,0,enhancement-drone-defense-2 Lv.1,0,,
Tactical Weapon,7,Assistance: Defense Conversion II,10,4,246670000,82220000,82220000,2500,0,enhancement-drone-defense-2 Lv.1,0,,
Tactical Weapon,7,Assistance: Defense Conversion II,10,5,363825000,122000000,122000000,2750,0,enhancement-drone-defense-2 Lv.1,0,,
Tactical Weapon,7,Assistance: Defense Conversion II,10,6,363825000,122000000,122000000,2750,0,enhancement-drone-defense-2 Lv.1,0,,
Tactical Weapon,7,Assistance: Defense Conversion II,10,7,480980000,161200000,161200000,3000,0,enhancement-drone-defense-2 Lv.1,0,,
Tactical Weapon,7,Assistance: Defense Conversion II,10,8,480980000,161200000,161200000,3000,0,enhancement-drone-defense-2 Lv.1,0,,
Tactical Weapon,7,Assistance: Defense Conversion II,10,9,677000000,225670000,225670000,3250,0,enhancement-drone-defense-2 Lv.1,0,,
Tactical Weapon,7,Assistance: Defense Conversion II,10,10,677000000,225670000,225670000,3250,0,enhancement-drone-defense-2 Lv.1,0,,
Tactical Weapon,8,Limit Break: Skill Star II,1,1,710950000,236950000,236950000,7500,0,assistance-hp-conversion-2 Lv.10; assistance-attack-conversion-2 Lv.10; assistance-defense-conversion-2 Lv.10,0,,
Tactical Weapon,9,Support: Hero HP III,20,1,680950000,226950000,226950000,3000,0,limit-break-skill-star-2 Lv.1; Troop Type Mastery,0,,
Tactical Weapon,9,Support: Hero HP III,20,2,680950000,226950000,226950000,3000,0,limit-break-skill-star-2 Lv.1; Troop Type Mastery,0,,
Tactical Weapon,9,Support: Hero HP III,20,3,680950000,226950000,226950000,3000,0,limit-break-skill-star-2 Lv.1; Troop Type Mastery,0,,
Tactical Weapon,9,Support: Hero HP III,20,4,680950000,226950000,226950000,3000,0,limit-break-skill-star-2 Lv.1; Troop Type Mastery,0,,
Tactical Weapon,9,Support: Hero HP III,20,5,953260000,317680000,317680000,3250,0,limit-break-skill-star-2 Lv.1; Troop Type Mastery,0,,
Tactical Weapon,9,Support: Hero HP III,20,6,953260000,317680000,317680000,3250,0,limit-break-skill-star-2 Lv.1; Troop Type Mastery,0,,
Tactical Weapon,9,Support: Hero HP III,20,7,953260000,317680000,317680000,3250,0,limit-break-skill-star-2 Lv.1; Troop Type Mastery,0,,
Tactical Weapon,9,Support: Hero HP III,20,8,953260000,317680000,317680000,3250,0,limit-break-skill-star-2 Lv.1; Troop Type Mastery,0,,
Tactical Weapon,9,Support: Hero HP III,20,9,1001000000,333670000,333670000,3500,0,limit-break-skill-star-2 Lv.1; Troop Type Mastery,0,,
Tactical Weapon,9,Support: Hero HP III,20,10,1001000000,333670000,333670000,3500,0,limit-break-skill-star-2 Lv.1; Troop Type Mastery,0,,
Tactical Weapon,9,Support: Hero HP III,20,11,1001000000,333670000,333670000,3500,0,limit-break-skill-star-2 Lv.1; Troop Type Mastery,0,,
Tactical Weapon,9,Support: Hero HP III,20,12,1001000000,333670000,333670000,3500,0,limit-break-skill-star-2 Lv.1; Troop Type Mastery,0,,
Tactical Weapon,9,Support: Hero HP III,20,13,1041000000,347000000,347000000,3750,0,limit-break-skill-star-2 Lv.1; Troop Type Mastery,0,,
Tactical Weapon,9,Support: Hero HP III,20,14,1041000000,347000000,347000000,3750,0,limit-break-skill-star-2 Lv.1; Troop Type Mastery,0,,
Tactical Weapon,9,Support: Hero HP III,20,15,1041000000,347000000,347000000,3750,0,limit-break-skill-star-2 Lv.1; Troop Type Mastery,0,,
Tactical Weapon,9,Support: Hero HP III,20,16,1041000000,347000000,347000000,3750,0,limit-break-skill-star-2 Lv.1; Troop Type Mastery,0,,
Tactical Weapon,9,Support: Hero HP III,20,17,1071990000,357330000,357330000,4000,0,limit-break-skill-star-2 Lv.1; Troop Type Mastery,0,,
Tactical Weapon,9,Support: Hero HP III,20,18,1071990000,357330000,357330000,4000,0,limit-break-skill-star-2 Lv.1; Troop Type Mastery,0,,
Tactical Weapon,9,Support: Hero HP III,20,19,1071990000,357330000,357330000,4000,0,limit-break-skill-star-2 Lv.1; Troop Type Mastery,0,,
Tactical Weapon,9,Support: Hero HP III,20,20,1071990000,357330000,357330000,4000,0,limit-break-skill-star-2 Lv.1; Troop Type Mastery,0,,
Tactical Weapon,9,Support: Hero Attack III,20,1,680950000,226950000,226950000,3000,0,limit-break-skill-star-2 Lv.1; Troop Type Mastery,0,,
Tactical Weapon,9,Support: Hero Attack III,20,2,680950000,226950000,226950000,3000,0,limit-break-skill-star-2 Lv.1; Troop Type Mastery,0,,
Tactical Weapon,9,Support: Hero Attack III,20,3,680950000,226950000,226950000,3000,0,limit-break-skill-star-2 Lv.1; Troop Type Mastery,0,,
Tactical Weapon,9,Support: Hero Attack III,20,4,680950000,226950000,226950000,3000,0,limit-break-skill-star-2 Lv.1; Troop Type Mastery,0,,
Tactical Weapon,9,Support: Hero Attack III,20,5,953260000,317680000,317680000,3250,0,limit-break-skill-star-2 Lv.1; Troop Type Mastery,0,,
Tactical Weapon,9,Support: Hero Attack III,20,6,953260000,317680000,317680000,3250,0,limit-break-skill-star-2 Lv.1; Troop Type Mastery,0,,
Tactical Weapon,9,Support: Hero Attack III,20,7,953260000,317680000,317680000,3250,0,limit-break-skill-star-2 Lv.1; Troop Type Mastery,0,,
Tactical Weapon,9,Support: Hero Attack III,20,8,953260000,317680000,317680000,3250,0,limit-break-skill-star-2 Lv.1; Troop Type Mastery,0,,
Tactical Weapon,9,Support: Hero Attack III,20,9,1001000000,333670000,333670000,3500,0,limit-break-skill-star-2 Lv.1; Troop Type Mastery,0,,
Tactical Weapon,9,Support: Hero Attack III,20,10,1001000000,333670000,333670000,3500,0,limit-break-skill-star-2 Lv.1; Troop Type Mastery,0,,
Tactical Weapon,9,Support: Hero Attack III,20,11,1001000000,333670000,333670000,3500,0,limit-break-skill-star-2 Lv.1; Troop Type Mastery,0,,
Tactical Weapon,9,Support: Hero Attack III,20,12,1001000000,333670000,333670000,3500,0,limit-break-skill-star-2 Lv.1; Troop Type Mastery,0,,
Tactical Weapon,9,Support: Hero Attack III,20,13,1041000000,347000000,347000000,3750,0,limit-break-skill-star-2 Lv.1; Troop Type Mastery,0,,
Tactical Weapon,9,Support: Hero Attack III,20,14,1041000000,347000000,347000000,3750,0,limit-break-skill-star-2 Lv.1; Troop Type Mastery,0,,
Tactical Weapon,9,Support: Hero Attack III,20,15,1041000000,347000000,347000000,3750,0,limit-break-skill-star-2 Lv.1; Troop Type Mastery,0,,
Tactical Weapon,9,Support: Hero Attack III,20,16,1041000000,347000000,347000000,3750,0,limit-break-skill-star-2 Lv.1; Troop Type Mastery,0,,
Tactical Weapon,9,Support: Hero Attack III,20,17,1071990000,357330000,357330000,4000,0,limit-break-skill-star-2 Lv.1; Troop Type Mastery,0,,
Tactical Weapon,9,Support: Hero Attack III,20,18,1071990000,357330000,357330000,4000,0,limit-break-skill-star-2 Lv.1; Troop Type Mastery,0,,
Tactical Weapon,9,Support: Hero Attack III,20,19,1071990000,357330000,357330000,4000,0,limit-break-skill-star-2 Lv.1; Troop Type Mastery,0,,
Tactical Weapon,9,Support: Hero Attack III,20,20,1071990000,357330000,357330000,4000,0,limit-break-skill-star-2 Lv.1; Troop Type Mastery,0,,
Tactical Weapon,9,Support: Hero Defense III,20,1,680950000,226950000,226950000,3000,0,limit-break-skill-star-2 Lv.1; Troop Type Mastery,0,,
Tactical Weapon,9,Support: Hero Defense III,20,2,680950000,226950000,226950000,3000,0,limit-break-skill-star-2 Lv.1; Troop Type Mastery,0,,
Tactical Weapon,9,Support: Hero Defense III,20,3,680950000,226950000,226950000,3000,0,limit-break-skill-star-2 Lv.1; Troop Type Mastery,0,,
Tactical Weapon,9,Support: Hero Defense III,20,4,680950000,226950000,226950000,3000,0,limit-break-skill-star-2 Lv.1; Troop Type Mastery,0,,
Tactical Weapon,9,Support: Hero Defense III,20,5,953260000,317680000,317680000,3250,0,limit-break-skill-star-2 Lv.1; Troop Type Mastery,0,,
Tactical Weapon,9,Support: Hero Defense III,20,6,953260000,317680000,317680000,3250,0,limit-break-skill-star-2 Lv.1; Troop Type Mastery,0,,
Tactical Weapon,9,Support: Hero Defense III,20,7,953260000,317680000,317680000,3250,0,limit-break-skill-star-2 Lv.1; Troop Type Mastery,0,,
Tactical Weapon,9,Support: Hero Defense III,20,8,953260000,317680000,317680000,3250,0,limit-break-skill-star-2 Lv.1; Troop Type Mastery,0,,
Tactical Weapon,9,Support: Hero Defense III,20,9,1001000000,333670000,333670000,3500,0,limit-break-skill-star-2 Lv.1; Troop Type Mastery,0,,
Tactical Weapon,9,Support: Hero Defense III,20,10,1001000000,333670000,333670000,3500,0,limit-break-skill-star-2 Lv.1; Troop Type Mastery,0,,
Tactical Weapon,9,Support: Hero Defense III,20,11,1001000000,333670000,333670000,3500,0,limit-break-skill-star-2 Lv.1; Troop Type Mastery,0,,
Tactical Weapon,9,Support: Hero Defense III,20,12,1001000000,333670000,333670000,3500,0,limit-break-skill-star-2 Lv.1; Troop Type Mastery,0,,
Tactical Weapon,9,Support: Hero Defense III,20,13,1041000000,347000000,347000000,3750,0,limit-break-skill-star-2 Lv.1; Troop Type Mastery,0,,
Tactical Weapon,9,Support: Hero Defense III,20,14,1041000000,347000000,347000000,3750,0,limit-break-skill-star-2 Lv.1; Troop Type Mastery,0,,
Tactical Weapon,9,Support: Hero Defense III,20,15,1041000000,347000000,347000000,3750,0,limit-break-skill-star-2 Lv.1; Troop Type Mastery,0,,
Tactical Weapon,9,Support: Hero Defense III,20,16,1041000000,347000000,347000000,3750,0,limit-break-skill-star-2 Lv.1; Troop Type Mastery,0,,
Tactical Weapon,9,Support: Hero Defense III,20,17,1071990000,357330000,357330000,4000,0,limit-break-skill-star-2 Lv.1; Troop Type Mastery,0,,
Tactical Weapon,9,Support: Hero Defense III,20,18,1071990000,357330000,357330000,4000,0,limit-break-skill-star-2 Lv.1; Troop Type Mastery,0,,
Tactical Weapon,9,Support: Hero Defense III,20,19,1071990000,357330000,357330000,4000,0,limit-break-skill-star-2 Lv.1; Troop Type Mastery,0,,
Tactical Weapon,9,Support: Hero Defense III,20,20,1071990000,357330000,357330000,4000,0,limit-break-skill-star-2 Lv.1; Troop Type Mastery,0,,
Tactical Weapon,10,Enhancement: Drone HP III,20,1,680950000,226950000,226950000,3000,0,support-hero-hp-3 Lv.1; support-hero-attack-3 Lv.1; support-hero-defense-3 Lv.1,0,,
Tactical Weapon,10,Enhancement: Drone HP III,20,2,680950000,226950000,226950000,3000,0,support-hero-hp-3 Lv.1; support-hero-attack-3 Lv.1; support-hero-defense-3 Lv.1,0,,
Tactical Weapon,10,Enhancement: Drone HP III,20,3,680950000,226950000,226950000,3000,0,support-hero-hp-3 Lv.1; support-hero-attack-3 Lv.1; support-hero-defense-3 Lv.1,0,,
Tactical Weapon,10,Enhancement: Drone HP III,20,4,680950000,226950000,226950000,3000,0,support-hero-hp-3 Lv.1; support-hero-attack-3 Lv.1; support-hero-defense-3 Lv.1,0,,
Tactical Weapon,10,Enhancement: Drone HP III,20,5,953260000,317680000,317680000,3250,0,support-hero-hp-3 Lv.1; support-hero-attack-3 Lv.1; support-hero-defense-3 Lv.1,0,,
Tactical Weapon,10,Enhancement: Drone HP III,20,6,953260000,317680000,317680000,3250,0,support-hero-hp-3 Lv.1; support-hero-attack-3 Lv.1; support-hero-defense-3 Lv.1,0,,
Tactical Weapon,10,Enhancement: Drone HP III,20,7,953260000,317680000,317680000,3250,0,support-hero-hp-3 Lv.1; support-hero-attack-3 Lv.1; support-hero-defense-3 Lv.1,0,,
Tactical Weapon,10,Enhancement: Drone HP III,20,8,953260000,317680000,317680000,3250,0,support-hero-hp-3 Lv.1; support-hero-attack-3 Lv.1; support-hero-defense-3 Lv.1,0,,
Tactical Weapon,10,Enhancement: Drone HP III,20,9,1001000000,333670000,333670000,3500,0,support-hero-hp-3 Lv.1; support-hero-attack-3 Lv.1; support-hero-defense-3 Lv.1,0,,
Tactical Weapon,10,Enhancement: Drone HP III,20,10,1001000000,333670000,333670000,3500,0,support-hero-hp-3 Lv.1; support-hero-attack-3 Lv.1; support-hero-defense-3 Lv.1,0,,
Tactical Weapon,10,Enhancement: Drone HP III,20,11,1001000000,333670000,333670000,3500,0,support-hero-hp-3 Lv.1; support-hero-attack-3 Lv.1; support-hero-defense-3 Lv.1,0,,
Tactical Weapon,10,Enhancement: Drone HP III,20,12,1001000000,333670000,333670000,3500,0,support-hero-hp-3 Lv.1; support-hero-attack-3 Lv.1; support-hero-defense-3 Lv.1,0,,
Tactical Weapon,10,Enhancement: Drone HP III,20,13,1041000000,347000000,347000000,3750,0,support-hero-hp-3 Lv.1; support-hero-attack-3 Lv.1; support-hero-defense-3 Lv.1,0,,
Tactical Weapon,10,Enhancement: Drone HP III,20,14,1041000000,347000000,347000000,3750,0,support-hero-hp-3 Lv.1; support-hero-attack-3 Lv.1; support-hero-defense-3 Lv.1,0,,
Tactical Weapon,10,Enhancement: Drone HP III,20,15,1041000000,347000000,347000000,3750,0,support-hero-hp-3 Lv.1; support-hero-attack-3 Lv.1; support-hero-defense-3 Lv.1,0,,
Tactical Weapon,10,Enhancement: Drone HP III,20,16,1041000000,347000000,347000000,3750,0,support-hero-hp-3 Lv.1; support-hero-attack-3 Lv.1; support-hero-defense-3 Lv.1,0,,
Tactical Weapon,10,Enhancement: Drone HP III,20,17,1071990000,357330000,357330000,4000,0,support-hero-hp-3 Lv.1; support-hero-attack-3 Lv.1; support-hero-defense-3 Lv.1,0,,
Tactical Weapon,10,Enhancement: Drone HP III,20,18,1071990000,357330000,357330000,4000,0,support-hero-hp-3 Lv.1; support-hero-attack-3 Lv.1; support-hero-defense-3 Lv.1,0,,
Tactical Weapon,10,Enhancement: Drone HP III,20,19,1071990000,357330000,357330000,4000,0,support-hero-hp-3 Lv.1; support-hero-attack-3 Lv.1; support-hero-defense-3 Lv.1,0,,
Tactical Weapon,10,Enhancement: Drone HP III,20,20,1071990000,357330000,357330000,4000,0,support-hero-hp-3 Lv.1; support-hero-attack-3 Lv.1; support-hero-defense-3 Lv.1,0,,
Tactical Weapon,10,Enhancement: Drone Attack III,20,1,680950000,226950000,226950000,3000,0,support-hero-hp-3 Lv.1; support-hero-attack-3 Lv.1; support-hero-defense-3 Lv.1,0,,
Tactical Weapon,10,Enhancement: Drone Attack III,20,2,680950000,226950000,226950000,3000,0,support-hero-hp-3 Lv.1; support-hero-attack-3 Lv.1; support-hero-defense-3 Lv.1,0,,
Tactical Weapon,10,Enhancement: Drone Attack III,20,3,680950000,226950000,226950000,3000,0,support-hero-hp-3 Lv.1; support-hero-attack-3 Lv.1; support-hero-defense-3 Lv.1,0,,
Tactical Weapon,10,Enhancement: Drone Attack III,20,4,680950000,226950000,226950000,3000,0,support-hero-hp-3 Lv.1; support-hero-attack-3 Lv.1; support-hero-defense-3 Lv.1,0,,
Tactical Weapon,10,Enhancement: Drone Attack III,20,5,953260000,317680000,317680000,3250,0,support-hero-hp-3 Lv.1; support-hero-attack-3 Lv.1; support-hero-defense-3 Lv.1,0,,
Tactical Weapon,10,Enhancement: Drone Attack III,20,6,953260000,317680000,317680000,3250,0,support-hero-hp-3 Lv.1; support-hero-attack-3 Lv.1; support-hero-defense-3 Lv.1,0,,
Tactical Weapon,10,Enhancement: Drone Attack III,20,7,953260000,317680000,317680000,3250,0,support-hero-hp-3 Lv.1; support-hero-attack-3 Lv.1; support-hero-defense-3 Lv.1,0,,
Tactical Weapon,10,Enhancement: Drone Attack III,20,8,953260000,317680000,317680000,3250,0,support-hero-hp-3 Lv.1; support-hero-attack-3 Lv.1; support-hero-defense-3 Lv.1,0,,
Tactical Weapon,10,Enhancement: Drone Attack III,20,9,1001000000,333670000,333670000,3500,0,support-hero-hp-3 Lv.1; support-hero-attack-3 Lv.1; support-hero-defense-3 Lv.1,0,,
Tactical Weapon,10,Enhancement: Drone Attack III,20,10,1001000000,333670000,333670000,3500,0,support-hero-hp-3 Lv.1; support-hero-attack-3 Lv.1; support-hero-defense-3 Lv.1,0,,
Tactical Weapon,10,Enhancement: Drone Attack III,20,11,1001000000,333670000,333670000,3500,0,support-hero-hp-3 Lv.1; support-hero-attack-3 Lv.1; support-hero-defense-3 Lv.1,0,,
Tactical Weapon,10,Enhancement: Drone Attack III,20,12,1001000000,333670000,333670000,3500,0,support-hero-hp-3 Lv.1; support-hero-attack-3 Lv.1; support-hero-defense-3 Lv.1,0,,
Tactical Weapon,10,Enhancement: Drone Attack III,20,13,1041000000,347000000,347000000,3750,0,support-hero-hp-3 Lv.1; support-hero-attack-3 Lv.1; support-hero-defense-3 Lv.1,0,,
Tactical Weapon,10,Enhancement: Drone Attack III,20,14,1041000000,347000000,347000000,3750,0,support-hero-hp-3 Lv.1; support-hero-attack-3 Lv.1; support-hero-defense-3 Lv.1,0,,
Tactical Weapon,10,Enhancement: Drone Attack III,20,15,1041000000,347000000,347000000,3750,0,support-hero-hp-3 Lv.1; support-hero-attack-3 Lv.1; support-hero-defense-3 Lv.1,0,,
Tactical Weapon,10,Enhancement: Drone Attack III,20,16,1041000000,347000000,347000000,3750,0,support-hero-hp-3 Lv.1; support-hero-attack-3 Lv.1; support-hero-defense-3 Lv.1,0,,
Tactical Weapon,10,Enhancement: Drone Attack III,20,17,1071990000,357330000,357330000,4000,0,support-hero-hp-3 Lv.1; support-hero-attack-3 Lv.1; support-hero-defense-3 Lv.1,0,,
Tactical Weapon,10,Enhancement: Drone Attack III,20,18,1071990000,357330000,357330000,4000,0,support-hero-hp-3 Lv.1; support-hero-attack-3 Lv.1; support-hero-defense-3 Lv.1,0,,
Tactical Weapon,10,Enhancement: Drone Attack III,20,19,1071990000,357330000,357330000,4000,0,support-hero-hp-3 Lv.1; support-hero-attack-3 Lv.1; support-hero-defense-3 Lv.1,0,,
Tactical Weapon,10,Enhancement: Drone Attack III,20,20,1071990000,357330000,357330000,4000,0,support-hero-hp-3 Lv.1; support-hero-attack-3 Lv.1; support-hero-defense-3 Lv.1,0,,
Tactical Weapon,10,Enhancement: Drone Defense III,20,1,680950000,226950000,226950000,3000,0,support-hero-hp-3 Lv.1; support-hero-attack-3 Lv.1; support-hero-defense-3 Lv.1,0,,
Tactical Weapon,10,Enhancement: Drone Defense III,20,2,680950000,226950000,226950000,3000,0,support-hero-hp-3 Lv.1; support-hero-attack-3 Lv.1; support-hero-defense-3 Lv.1,0,,
Tactical Weapon,10,Enhancement: Drone Defense III,20,3,680950000,226950000,226950000,3000,0,support-hero-hp-3 Lv.1; support-hero-attack-3 Lv.1; support-hero-defense-3 Lv.1,0,,
Tactical Weapon,10,Enhancement: Drone Defense III,20,4,680950000,226950000,226950000,3000,0,support-hero-hp-3 Lv.1; support-hero-attack-3 Lv.1; support-hero-defense-3 Lv.1,0,,
Tactical Weapon,10,Enhancement: Drone Defense III,20,5,953260000,317680000,317680000,3250,0,support-hero-hp-3 Lv.1; support-hero-attack-3 Lv.1; support-hero-defense-3 Lv.1,0,,
Tactical Weapon,10,Enhancement: Drone Defense III,20,6,953260000,317680000,317680000,3250,0,support-hero-hp-3 Lv.1; support-hero-attack-3 Lv.1; support-hero-defense-3 Lv.1,0,,
Tactical Weapon,10,Enhancement: Drone Defense III,20,7,953260000,317680000,317680000,3250,0,support-hero-hp-3 Lv.1; support-hero-attack-3 Lv.1; support-hero-defense-3 Lv.1,0,,
Tactical Weapon,10,Enhancement: Drone Defense III,20,8,953260000,317680000,317680000,3250,0,support-hero-hp-3 Lv.1; support-hero-attack-3 Lv.1; support-hero-defense-3 Lv.1,0,,
Tactical Weapon,10,Enhancement: Drone Defense III,20,9,1001000000,333670000,333670000,3500,0,support-hero-hp-3 Lv.1; support-hero-attack-3 Lv.1; support-hero-defense-3 Lv.1,0,,
Tactical Weapon,10,Enhancement: Drone Defense III,20,10,1001000000,333670000,333670000,3500,0,support-hero-hp-3 Lv.1; support-hero-attack-3 Lv.1; support-hero-defense-3 Lv.1,0,,
Tactical Weapon,10,Enhancement: Drone Defense III,20,11,1001000000,333670000,333670000,3500,0,support-hero-hp-3 Lv.1; support-hero-attack-3 Lv.1; support-hero-defense-3 Lv.1,0,,
Tactical Weapon,10,Enhancement: Drone Defense III,20,12,1001000000,333670000,333670000,3500,0,support-hero-hp-3 Lv.1; support-hero-attack-3 Lv.1; support-hero-defense-3 Lv.1,0,,
Tactical Weapon,10,Enhancement: Drone Defense III,20,13,1041000000,347000000,347000000,3750,0,support-hero-hp-3 Lv.1; support-hero-attack-3 Lv.1; support-hero-defense-3 Lv.1,0,,
Tactical Weapon,10,Enhancement: Drone Defense III,20,14,1041000000,347000000,347000000,3750,0,support-hero-hp-3 Lv.1; support-hero-attack-3 Lv.1; support-hero-defense-3 Lv.1,0,,
Tactical Weapon,10,Enhancement: Drone Defense III,20,15,1041000000,347000000,347000000,3750,0,support-hero-hp-3 Lv.1; support-hero-attack-3 Lv.1; support-hero-defense-3 Lv.1,0,,
Tactical Weapon,10,Enhancement: Drone Defense III,20,16,1041000000,347000000,347000000,3750,0,support-hero-hp-3 Lv.1; support-hero-attack-3 Lv.1; support-hero-defense-3 Lv.1,0,,
Tactical Weapon,10,Enhancement: Drone Defense III,20,17,1071990000,357330000,357330000,4000,0,support-hero-hp-3 Lv.1; support-hero-attack-3 Lv.1; support-hero-defense-3 Lv.1,0,,
Tactical Weapon,10,Enhancement: Drone Defense III,20,18,1071990000,357330000,357330000,4000,0,support-hero-hp-3 Lv.1; support-hero-attack-3 Lv.1; support-hero-defense-3 Lv.1,0,,
Tactical Weapon,10,Enhancement: Drone Defense III,20,19,1071990000,357330000,357330000,4000,0,support-hero-hp-3 Lv.1; support-hero-attack-3 Lv.1; support-hero-defense-3 Lv.1,0,,
Tactical Weapon,10,Enhancement: Drone Defense III,20,20,1071990000,357330000,357330000,4000,0,support-hero-hp-3 Lv.1; support-hero-attack-3 Lv.1; support-hero-defense-3 Lv.1,0,,
Tactical Weapon,11,Limit Break: Level Cap,10,1,953260000,317680000,317680000,0,0,enhancement-drone-hp-3 Lv.4; enhancement-drone-attack-3 Lv.4; enhancement-drone-defense-3 Lv.4,0,,
Tactical Weapon,11,Limit Break: Level Cap,10,2,953260000,317680000,317680000,0,0,enhancement-drone-hp-3 Lv.4; enhancement-drone-attack-3 Lv.4; enhancement-drone-defense-3 Lv.4,0,,
Tactical Weapon,11,Limit Break: Level Cap,10,3,1001000000,333670000,333670000,0,0,enhancement-drone-hp-3 Lv.4; enhancement-drone-attack-3 Lv.4; enhancement-drone-defense-3 Lv.4,0,,
Tactical Weapon,11,Limit Break: Level Cap,10,4,1001000000,333670000,333670000,0,0,enhancement-drone-hp-3 Lv.4; enhancement-drone-attack-3 Lv.4; enhancement-drone-defense-3 Lv.4,0,,
Tactical Weapon,11,Limit Break: Level Cap,10,5,1041000000,347000000,347000000,0,0,enhancement-drone-hp-3 Lv.4; enhancement-drone-attack-3 Lv.4; enhancement-drone-defense-3 Lv.4,0,,
Tactical Weapon,11,Limit Break: Level Cap,10,6,1041000000,347000000,347000000,0,0,enhancement-drone-hp-3 Lv.4; enhancement-drone-attack-3 Lv.4; enhancement-drone-defense-3 Lv.4,0,,
Tactical Weapon,11,Limit Break: Level Cap,10,7,1071990000,357330000,357330000,0,0,enhancement-drone-hp-3 Lv.4; enhancement-drone-attack-3 Lv.4; enhancement-drone-defense-3 Lv.4,0,,
Tactical Weapon,11,Limit Break: Level Cap,10,8,1071990000,357330000,357330000,0,0,enhancement-drone-hp-3 Lv.4; enhancement-drone-attack-3 Lv.4; enhancement-drone-defense-3 Lv.4,0,,
Tactical Weapon,12,Support: Hero HP IV,20,1,953260000,317680000,317680000,3250,0,limit-break-level-cap Lv.2,0,,
Tactical Weapon,12,Support: Hero HP IV,20,2,953260000,317680000,317680000,3250,0,limit-break-level-cap Lv.2,0,,
Tactical Weapon,12,Support: Hero Attack IV,20,1,953260000,317680000,317680000,3250,0,limit-break-level-cap Lv.2,0,,
Tactical Weapon,12,Support: Hero Attack IV,20,2,953260000,317680000,317680000,3250,0,limit-break-level-cap Lv.2,0,,
Tactical Weapon,12,Support: Hero Defense IV,20,1,953260000,317680000,317680000,3250,0,limit-break-level-cap Lv.2,0,,
Tactical Weapon,12,Support: Hero Defense IV,20,2,953260000,317680000,317680000,3250,0,limit-break-level-cap Lv.2,0,,
Tactical Weapon,13,Assistance: HP Conversion III,30,1,953260000,317680000,317680000,3250,0,support-hero-hp-4 Lv.1,0,,
Tactical Weapon,13,Assistance: Attack Conversion III,30,1,953260000,317680000,317680000,3250,0,support-hero-attack-4 Lv.1,0,,
Tactical Weapon,13,Assistance: Defense Conversion III,30,1,953260000,317680000,317680000,3250,0,support-hero-defense-4 Lv.1,0,,
Tactical Weapon,14,Limit Break: Chip Skill Boost,3,1,1050000000,357370000,357370000,7500,0,assistance-hp-conversion-3 Lv.8; assistance-attack-conversion-3 Lv.8; assistance-defense-conversion-3 Lv.8,0,,
